p3_,p2_,p1_,p0_,g3_,g2_,g1_,g0_,cin,p_,g_,cnz,cny,cnx,simulated_leakage,estimated_leakage,% Err
0.0,0.0,0.0,0.0,0.0,0.0,0.0,0.0,0.0,7.078162e-06,7.078162e-06,1.099995,1.099995,1.099995,6.340729e-08,6.340894048359995e-08,0.0026029871327912088
0.0,0.0,0.0,0.0,0.0,0.0,0.0,0.0,1.1,7.078162e-06,7.078162e-06,1.099995,1.099995,1.099995,5.640033e-08,5.640105964799995e-08,0.001293694558078951
0.0,0.0,0.0,0.0,0.0,0.0,0.0,1.1,0.0,7.078162e-06,7.078162e-06,1.099995,1.099995,3.635961e-06,6.702661e-08,6.704158057279995e-08,0.022335267739121218
0.0,0.0,0.0,0.0,0.0,0.0,0.0,1.1,1.1,7.078162e-06,7.078162e-06,1.099995,1.099995,1.099995,6.085084e-08,6.087225834639995e-08,0.035198111316050835
0.0,0.0,0.0,0.0,0.0,0.0,1.1,0.0,0.0,7.078162e-06,7.078162e-06,1.099995,1.099995,1.099995,7.76623e-08,7.767112819319999e-08,0.011367411472479548
0.0,0.0,0.0,0.0,0.0,0.0,1.1,0.0,1.1,7.078162e-06,7.078162e-06,1.099995,1.099995,1.099995,7.065533e-08,7.066324735759997e-08,0.011205605578477636
0.0,0.0,0.0,0.0,0.0,0.0,1.1,1.1,0.0,7.078162e-06,7.078162e-06,1.099995,3.635961e-06,3.635961e-06,8.013048e-08,8.014949595920001e-08,0.023731243342123114
0.0,0.0,0.0,0.0,0.0,0.0,1.1,1.1,1.1,7.078162e-06,7.078162e-06,1.099995,1.099995,1.099995,7.450169e-08,7.4529615718e-08,0.03748333494179241
0.0,0.0,0.0,0.0,0.0,1.1,0.0,0.0,0.0,7.078162e-06,7.078162e-06,1.099995,1.099995,1.099995,7.091417e-08,7.093088796199996e-08,0.023574924447342622
0.0,0.0,0.0,0.0,0.0,1.1,0.0,0.0,1.1,7.078162e-06,7.078162e-06,1.099995,1.099995,1.099995,6.39072e-08,6.392300712639996e-08,0.024734500024963763
0.0,0.0,0.0,0.0,0.0,1.1,0.0,1.1,0.0,7.078162e-06,7.078162e-06,1.099995,1.099995,3.635961e-06,7.45335e-08,7.456352805119998e-08,0.04028799291591266
0.0,0.0,0.0,0.0,0.0,1.1,0.0,1.1,1.1,7.078162e-06,7.078162e-06,1.099995,1.099995,1.099995,6.835772e-08,6.839420582479996e-08,0.053374841641822594
0.0,0.0,0.0,0.0,0.0,1.1,1.1,0.0,0.0,7.078162e-06,7.078162e-06,1.099995,1.099995,1.099995,8.335676e-08,8.337858465760002e-08,0.026182228771870833
0.0,0.0,0.0,0.0,0.0,1.1,1.1,0.0,1.1,7.078162e-06,7.078162e-06,1.099995,1.099995,1.099995,7.634979e-08,7.6370703822e-08,0.027392114634499476
0.0,0.0,0.0,0.0,0.0,1.1,1.1,1.1,0.0,7.078162e-06,7.078162e-06,3.635416e-06,3.635961e-06,3.635961e-06,8.374965e-08,8.378213604840002e-08,0.038789473627672204
0.0,0.0,0.0,0.0,0.0,1.1,1.1,1.1,1.1,7.078162e-06,7.078162e-06,1.099995,1.099995,1.099995,8.019617e-08,8.023707218240001e-08,0.05100266309478037
0.0,0.0,0.0,0.0,1.1,0.0,0.0,0.0,0.0,7.078162e-06,7.078162e-06,1.099995,1.099995,1.099995,6.747832e-08,6.748928555839996e-08,0.01625049112064962
0.0,0.0,0.0,0.0,1.1,0.0,0.0,0.0,1.1,7.078162e-06,7.078162e-06,1.099995,1.099995,1.099995,6.047134e-08,6.048140472279996e-08,0.016643789934130186
0.0,0.0,0.0,0.0,1.1,0.0,0.0,1.1,0.0,7.078162e-06,7.078162e-06,1.099995,1.099995,3.635961e-06,7.109763e-08,7.112192564759997e-08,0.03417223274526182
0.0,0.0,0.0,0.0,1.1,0.0,0.0,1.1,1.1,7.078162e-06,7.078162e-06,1.099995,1.099995,1.099995,6.492186e-08,6.495260342119996e-08,0.04735449846932988
0.0,0.0,0.0,0.0,1.1,0.0,1.1,0.0,0.0,7.078162e-06,7.078162e-06,1.099995,1.099995,1.099995,8.173332e-08,8.175147326799999e-08,0.022210364145230792
0.0,0.0,0.0,0.0,1.1,0.0,1.1,0.0,1.1,7.078162e-06,7.078162e-06,1.099995,1.099995,1.099995,7.472635e-08,7.47435924324e-08,0.023074099564602737
0.0,0.0,0.0,0.0,1.1,0.0,1.1,1.1,0.0,7.078162e-06,7.078162e-06,1.099995,3.635961e-06,3.635961e-06,8.42015e-08,8.4229841034e-08,0.03365858565464193
0.0,0.0,0.0,0.0,1.1,0.0,1.1,1.1,1.1,7.078162e-06,7.078162e-06,1.099995,1.099995,1.099995,7.857271e-08,7.860996079280001e-08,0.04740932672425879
0.0,0.0,0.0,0.0,1.1,1.1,0.0,0.0,0.0,7.078162e-06,7.078162e-06,1.099995,1.099995,1.099995,7.590933e-08,7.593177708879998e-08,0.02957092204604478
0.0,0.0,0.0,0.0,1.1,1.1,0.0,0.0,1.1,7.078162e-06,7.078162e-06,1.099995,1.099995,1.099995,6.890237e-08,6.892389625319998e-08,0.031241673109335837
0.0,0.0,0.0,0.0,1.1,1.1,0.0,1.1,0.0,7.078162e-06,7.078162e-06,1.099995,1.099995,3.635961e-06,7.952866e-08,7.956441717799998e-08,0.044961373673318906
0.0,0.0,0.0,0.0,1.1,1.1,0.0,1.1,1.1,7.078162e-06,7.078162e-06,1.099995,1.099995,1.099995,7.335289e-08,7.339509495159999e-08,0.05753686269208847
0.0,0.0,0.0,0.0,1.1,1.1,1.1,0.0,0.0,7.078162e-06,7.078162e-06,1.099995,1.099995,1.099995,8.835193e-08,8.837947378440002e-08,0.031175079480464423
0.0,0.0,0.0,0.0,1.1,1.1,1.1,0.0,1.1,7.078162e-06,7.078162e-06,1.099995,1.099995,1.099995,8.134495e-08,8.137159294879998e-08,0.03275304588666896
0.0,0.0,0.0,0.0,1.1,1.1,1.1,1.1,0.0,7.078162e-06,1.099996,3.635416e-06,3.635961e-06,3.635961e-06,8.565683e-08,8.569836406200003e-08,0.04848890859027908
0.0,0.0,0.0,0.0,1.1,1.1,1.1,1.1,1.1,7.078162e-06,1.099996,1.099995,1.099995,1.099995,8.210336e-08,8.215330019600002e-08,0.06082600760799618
0.0,0.0,0.0,1.1,0.0,0.0,0.0,0.0,0.0,1.099996,7.078162e-06,1.099995,1.099995,1.099995,6.805101e-08,6.806020356319997e-08,0.013509811536920813
0.0,0.0,0.0,1.1,0.0,0.0,0.0,0.0,1.1,1.099996,7.078162e-06,1.099995,1.099995,1.099995,6.104404e-08,6.105232272759994e-08,0.013568445993971239
0.0,0.0,0.0,1.1,0.0,0.0,0.0,1.1,0.0,1.099996,7.078162e-06,1.099995,1.099995,3.635067e-06,6.807033e-08,6.808533764399998e-08,0.022047262000893863
0.0,0.0,0.0,1.1,0.0,0.0,0.0,1.1,1.1,1.099996,7.078162e-06,1.099995,1.099995,3.635416e-06,6.3135e-08,6.315958842679995e-08,0.03894579361676851
0.0,0.0,0.0,1.1,0.0,0.0,1.1,0.0,0.0,1.099996,7.078162e-06,1.099995,1.099995,1.099995,8.230601e-08,8.232239127280001e-08,0.01990288777211723
0.0,0.0,0.0,1.1,0.0,0.0,1.1,0.0,1.1,1.099996,7.078162e-06,1.099995,1.099995,1.099995,7.529904e-08,7.531451043719999e-08,0.020545331255203098
0.0,0.0,0.0,1.1,0.0,0.0,1.1,1.1,0.0,1.099996,7.078162e-06,1.099995,3.635961e-06,3.635067e-06,7.725412e-08,7.727003330800002e-08,0.02059865286151706
0.0,0.0,0.0,1.1,0.0,0.0,1.1,1.1,1.1,1.099996,7.078162e-06,1.099995,3.635961e-06,3.635416e-06,7.471043e-08,7.47421294232e-08,0.04242971590446494
0.0,0.0,0.0,1.1,0.0,1.1,0.0,0.0,0.0,1.099996,7.078162e-06,1.099995,1.099995,1.099995,7.55579e-08,7.55821510416e-08,0.03209597090442734
0.0,0.0,0.0,1.1,0.0,1.1,0.0,0.0,1.1,1.099996,7.078162e-06,1.099995,1.099995,1.099995,6.855094e-08,6.857427020599998e-08,0.034033385975422124
0.0,0.0,0.0,1.1,0.0,1.1,0.0,1.1,0.0,1.099996,7.078162e-06,1.099995,1.099995,3.635067e-06,7.55772e-08,7.560728512240002e-08,0.03980714077793016
0.0,0.0,0.0,1.1,0.0,1.1,0.0,1.1,1.1,1.099996,7.078162e-06,1.099995,1.099995,3.635416e-06,7.06419e-08,7.068153590519997e-08,0.056108209433743145
0.0,0.0,0.0,1.1,0.0,1.1,1.1,0.0,0.0,1.099996,7.078162e-06,1.099995,1.099995,1.099995,8.800049e-08,8.802984773720004e-08,0.033360879240606815
0.0,0.0,0.0,1.1,0.0,1.1,1.1,0.0,1.1,1.099996,7.078162e-06,1.099995,1.099995,1.099995,8.099351e-08,8.102196690160002e-08,0.03513479240499535
0.0,0.0,0.0,1.1,0.0,1.1,1.1,1.1,0.0,1.099996,7.078162e-06,3.635067e-06,3.635961e-06,3.635067e-06,7.75578e-08,7.75842840128e-08,0.03414745235166938
0.0,0.0,0.0,1.1,0.0,1.1,1.1,1.1,1.1,1.099996,7.078162e-06,3.635961e-06,3.635961e-06,3.635416e-06,7.832957e-08,7.837476951240002e-08,0.057704277452325564
0.0,0.0,0.0,1.1,1.1,0.0,0.0,0.0,0.0,1.099996,7.078162e-06,1.099995,1.099995,1.099995,7.212203e-08,7.214054863799998e-08,0.025676811925537366
0.0,0.0,0.0,1.1,1.1,0.0,0.0,0.0,1.1,1.099996,7.078162e-06,1.099995,1.099995,1.099995,6.511507e-08,6.513266780239995e-08,0.027025698352086746
0.0,0.0,0.0,1.1,1.1,0.0,0.0,1.1,0.0,1.099996,7.078162e-06,1.099995,1.099995,3.635067e-06,7.214135e-08,7.216568271879999e-08,0.03372922574916437
0.0,0.0,0.0,1.1,1.1,0.0,0.0,1.1,1.1,1.099996,7.078162e-06,1.099995,1.099995,3.635416e-06,6.720603e-08,6.723993350159997e-08,0.05044711255816177
0.0,0.0,0.0,1.1,1.1,0.0,1.1,0.0,0.0,1.099996,7.078162e-06,1.099995,1.099995,1.099995,8.637704e-08,8.640273634760001e-08,0.0297490485897714
0.0,0.0,0.0,1.1,1.1,0.0,1.1,0.0,1.1,1.099996,7.078162e-06,1.099995,1.099995,1.099995,7.937007e-08,7.939485551199999e-08,0.031227781454629656
0.0,0.0,0.0,1.1,1.1,0.0,1.1,1.1,0.0,1.099996,7.078162e-06,1.099995,3.635961e-06,3.635067e-06,8.132516e-08,8.135037838280002e-08,0.031009324543624567
0.0,0.0,0.0,1.1,1.1,0.0,1.1,1.1,1.1,1.099996,7.078162e-06,1.099995,3.635961e-06,3.635416e-06,7.878145e-08,7.882247449800001e-08,0.0520738041759991
0.0,0.0,0.0,1.1,1.1,1.1,0.0,0.0,0.0,1.099996,7.078162e-06,1.099995,1.099995,1.099995,8.055306e-08,8.058304016840001e-08,0.03721791375772823
0.0,0.0,0.0,1.1,1.1,1.1,0.0,0.0,1.1,1.099996,7.078162e-06,1.099995,1.099995,1.099995,7.35461e-08,7.357515933279999e-08,0.03951172502688084
0.0,0.0,0.0,1.1,1.1,1.1,0.0,1.1,0.0,1.099996,7.078162e-06,1.099995,1.099995,3.635067e-06,8.057237e-08,8.060817424920002e-08,0.044437378719308876
0.0,0.0,0.0,1.1,1.1,1.1,0.0,1.1,1.1,1.099996,7.078162e-06,1.099995,1.099995,3.635416e-06,7.563705e-08,7.5682425032e-08,0.059990483499819176
0.0,0.0,0.0,1.1,1.1,1.1,1.1,0.0,0.0,1.099996,7.078162e-06,1.099995,1.099995,1.099995,9.299565e-08,9.303073686400003e-08,0.03772957552318908
0.0,0.0,0.0,1.1,1.1,1.1,1.1,0.0,1.1,1.099996,7.078162e-06,1.099995,1.099995,1.099995,8.598868e-08,8.602285602840002e-08,0.0397447994317672
0.0,0.0,0.0,1.1,1.1,1.1,1.1,1.1,0.0,1.099996,1.099996,3.635067e-06,3.635961e-06,3.635067e-06,7.946498e-08,7.950051202640001e-08,0.04471406951844198
0.0,0.0,0.0,1.1,1.1,1.1,1.1,1.1,1.1,1.099996,1.099996,3.635961e-06,3.635961e-06,3.635416e-06,8.023674e-08,8.029099752600003e-08,0.06762179769519938
0.0,0.0,1.1,0.0,0.0,0.0,0.0,0.0,0.0,1.099996,7.078162e-06,1.099995,1.099995,1.099995,6.957931e-08,6.958557795319996e-08,0.009008357800559075
0.0,0.0,1.1,0.0,0.0,0.0,0.0,0.0,1.1,1.099996,7.078162e-06,1.099995,1.099995,1.099995,6.257234e-08,6.257769711759996e-08,0.008561478761947714
0.0,0.0,1.1,0.0,0.0,0.0,0.0,1.1,0.0,1.099996,7.078162e-06,1.099995,1.099995,3.635961e-06,7.319863e-08,7.321821804239997e-08,0.02676012160332122
0.0,0.0,1.1,0.0,0.0,0.0,0.0,1.1,1.1,1.099996,7.078162e-06,1.099995,1.099995,1.099995,6.702286e-08,6.704889581599995e-08,0.038846172783356794
0.0,0.0,1.1,0.0,0.0,0.0,1.1,0.0,0.0,1.099996,7.078162e-06,1.099995,3.635416e-06,1.099995,8.05506e-08,8.056328861160001e-08,0.01575234895831334
0.0,0.0,1.1,0.0,0.0,0.0,1.1,0.0,1.1,1.099996,7.078162e-06,1.099995,3.635416e-06,1.099995,7.354364e-08,7.355540777599998e-08,0.016001079087154788
0.0,0.0,1.1,0.0,0.0,0.0,1.1,1.1,0.0,1.099996,7.078162e-06,1.099995,3.635067e-06,3.635961e-06,8.177855e-08,8.179808336840001e-08,0.023885686894680222
0.0,0.0,1.1,0.0,0.0,0.0,1.1,1.1,1.1,1.099996,7.078162e-06,1.099995,3.635416e-06,1.099995,7.738998e-08,7.742177613639999e-08,0.04108559841983371
0.0,0.0,1.1,0.0,0.0,1.1,0.0,0.0,0.0,1.099996,7.078162e-06,1.099995,1.099995,1.099995,7.708619e-08,7.710752543159999e-08,0.0276773720428979
0.0,0.0,1.1,0.0,0.0,1.1,0.0,0.0,1.1,1.099996,7.078162e-06,1.099995,1.099995,1.099995,7.007921e-08,7.009964459599995e-08,0.029159284187077434
0.0,0.0,1.1,0.0,0.0,1.1,0.0,1.1,0.0,1.099996,7.078162e-06,1.099995,1.099995,3.635961e-06,8.07055e-08,8.074016552080002e-08,0.04295310827641633
0.0,0.0,1.1,0.0,0.0,1.1,0.0,1.1,1.1,1.099996,7.078162e-06,1.099995,1.099995,1.099995,7.452973e-08,7.457084329439997e-08,0.055163616452073065
0.0,0.0,1.1,0.0,0.0,1.1,1.1,0.0,0.0,1.099996,7.078162e-06,3.635416e-06,3.635416e-06,1.099995,8.264145e-08,8.267055431080002e-08,0.03521757035969931
0.0,0.0,1.1,0.0,0.0,1.1,1.1,0.0,1.1,1.099996,7.078162e-06,3.635416e-06,3.635416e-06,1.099995,7.563448e-08,7.566267347519999e-08,0.037275955622346826
0.0,0.0,1.1,0.0,0.0,1.1,1.1,1.1,0.0,1.099996,7.078162e-06,3.635416e-06,3.635067e-06,3.635961e-06,8.147767e-08,8.150750373520001e-08,0.03661584235288652
0.0,0.0,1.1,0.0,0.0,1.1,1.1,1.1,1.1,1.099996,7.078162e-06,3.635416e-06,3.635416e-06,1.099995,7.948084e-08,7.95290418356e-08,0.060645855781095964
0.0,0.0,1.1,0.0,1.1,0.0,0.0,0.0,0.0,1.099996,7.078162e-06,1.099995,1.099995,1.099995,7.457447e-08,7.458646707999999e-08,0.01608738218318976
0.0,0.0,1.1,0.0,1.1,0.0,0.0,0.0,1.1,1.099996,7.078162e-06,1.099995,1.099995,1.099995,6.75675e-08,6.757858624439997e-08,0.016407658119611486
0.0,0.0,1.1,0.0,1.1,0.0,0.0,1.1,0.0,1.099996,7.078162e-06,1.099995,1.099995,3.635961e-06,7.81938e-08,7.821910716919999e-08,0.032364674948648885
0.0,0.0,1.1,0.0,1.1,0.0,0.0,1.1,1.1,1.099996,7.078162e-06,1.099995,1.099995,1.099995,7.201801e-08,7.204978494279996e-08,0.04412082866488351
0.0,0.0,1.1,0.0,1.1,0.0,1.1,0.0,0.0,1.099996,7.078162e-06,1.099995,3.635416e-06,1.099995,8.554576e-08,8.556417773839998e-08,0.021529691711185003
0.0,0.0,1.1,0.0,1.1,0.0,1.1,0.0,1.1,1.099996,7.078162e-06,1.099995,3.635416e-06,1.099995,7.853881e-08,7.855629690279999e-08,0.022265301447769083
0.0,0.0,1.1,0.0,1.1,0.0,1.1,1.1,0.0,1.099996,7.078162e-06,1.099995,3.635067e-06,3.635961e-06,8.677371e-08,8.679897249519998e-08,0.02911307491633651
0.0,0.0,1.1,0.0,1.1,0.0,1.1,1.1,1.1,1.099996,7.078162e-06,1.099995,3.635416e-06,1.099995,8.238517e-08,8.242266526319999e-08,0.045512151276726406
0.0,0.0,1.1,0.0,1.1,1.1,0.0,0.0,0.0,1.099996,7.078162e-06,1.099995,1.099995,1.099995,8.30055e-08,8.302895861039997e-08,0.028261513273192658
0.0,0.0,1.1,0.0,1.1,1.1,0.0,0.0,1.1,1.099996,7.078162e-06,1.099995,1.099995,1.099995,7.599853e-08,7.602107777479997e-08,0.029668698591898374
0.0,0.0,1.1,0.0,1.1,1.1,0.0,1.1,0.0,1.099996,7.078162e-06,1.099995,1.099995,3.635961e-06,8.662483e-08,8.666159869959999e-08,0.0424459125633936
0.0,0.0,1.1,0.0,1.1,1.1,0.0,1.1,1.1,1.099996,7.078162e-06,1.099995,1.099995,1.099995,8.044904e-08,8.049227647319997e-08,0.053743926838625895
0.0,0.0,1.1,0.0,1.1,1.1,1.1,0.0,0.0,1.099996,1.099996,3.635416e-06,3.635416e-06,1.099995,8.700112e-08,8.70327007664e-08,0.036299264193378464
0.0,0.0,1.1,0.0,1.1,1.1,1.1,0.0,1.1,1.099996,1.099996,3.635416e-06,3.635416e-06,1.099995,7.999415e-08,8.002481993079996e-08,0.038340217128334124
0.0,0.0,1.1,0.0,1.1,1.1,1.1,1.1,0.0,1.099996,1.099996,3.635416e-06,3.635067e-06,3.635961e-06,8.191728e-08,8.194643046840002e-08,0.035585249412598
0.0,0.0,1.1,0.0,1.1,1.1,1.1,1.1,1.1,1.099996,1.099996,3.635416e-06,3.635416e-06,1.099995,7.992046e-08,7.99679685688e-08,0.05944481400631543
0.0,0.0,1.1,1.1,0.0,0.0,0.0,0.0,0.0,1.099996,7.078162e-06,1.099995,1.099995,1.099995,7.339115e-08,7.339828242360001e-08,0.009718370130471218
0.0,0.0,1.1,1.1,0.0,0.0,0.0,0.0,1.1,1.099996,7.078162e-06,1.099995,1.099995,1.099995,6.638416e-08,6.639040158799996e-08,0.009402224868035231
0.0,0.0,1.1,1.1,0.0,0.0,0.0,1.1,0.0,1.099996,7.078162e-06,1.099995,1.099995,3.635067e-06,7.341044e-08,7.34234165044e-08,0.017676647081806017
0.0,0.0,1.1,1.1,0.0,0.0,0.0,1.1,1.1,1.099996,7.078162e-06,1.099995,1.099995,3.635416e-06,6.847513e-08,6.849766728719997e-08,0.03291309881407794
0.0,0.0,1.1,1.1,0.0,0.0,1.1,0.0,0.0,1.099996,7.078162e-06,1.099995,3.635416e-06,1.099995,8.436244e-08,8.437599308200002e-08,0.01606530346918765
0.0,0.0,1.1,1.1,0.0,0.0,1.1,0.0,1.1,1.099996,7.078162e-06,1.099995,3.635416e-06,1.099995,7.735546e-08,7.736811224640001e-08,0.016355983662969222
0.0,0.0,1.1,1.1,0.0,0.0,1.1,1.1,0.0,1.099996,7.078162e-06,1.099995,3.635067e-06,3.635067e-06,7.80703e-08,7.808006210800004e-08,0.012504253217989723
0.0,0.0,1.1,1.1,0.0,0.0,1.1,1.1,1.1,1.099996,7.078162e-06,1.099995,3.635067e-06,3.635416e-06,7.55266e-08,7.555215822320003e-08,0.03384002881107467
0.0,0.0,1.1,1.1,0.0,1.1,0.0,0.0,0.0,1.099996,7.078162e-06,1.099995,1.099995,1.099995,8.089802e-08,8.092022990200003e-08,0.0274541972721222
0.0,0.0,1.1,1.1,0.0,1.1,0.0,0.0,1.1,1.099996,7.078162e-06,1.099995,1.099995,1.099995,7.389105e-08,7.39123490664e-08,0.028824961074439593
0.0,0.0,1.1,1.1,0.0,1.1,0.0,1.1,0.0,1.099996,7.078162e-06,1.099995,1.099995,3.635067e-06,8.091733e-08,8.094536398280004e-08,0.03464521481373565
0.0,0.0,1.1,1.1,0.0,1.1,0.0,1.1,1.1,1.099996,7.078162e-06,1.099995,1.099995,3.635416e-06,7.5982e-08,7.601961476560001e-08,0.04950483746152129
0.0,0.0,1.1,1.1,0.0,1.1,1.1,0.0,0.0,1.099996,7.078162e-06,3.635416e-06,3.635416e-06,1.099995,8.645329e-08,8.648325878120002e-08,0.034664708769335084
0.0,0.0,1.1,1.1,0.0,1.1,1.1,0.0,1.1,1.099996,7.078162e-06,3.635416e-06,3.635416e-06,1.099995,7.944631e-08,7.947537794560001e-08,0.036588163251398374
0.0,0.0,1.1,1.1,0.0,1.1,1.1,1.1,0.0,1.099996,7.078162e-06,3.635067e-06,3.635067e-06,3.635067e-06,7.445392e-08,7.44710930904e-08,0.02306539454201995
0.0,0.0,1.1,1.1,0.0,1.1,1.1,1.1,1.1,1.099996,7.078162e-06,3.635067e-06,3.635067e-06,3.635416e-06,7.430194e-08,7.4341034538e-08,0.05261577019387695
0.0,0.0,1.1,1.1,1.1,0.0,0.0,0.0,0.0,1.099996,7.078162e-06,1.099995,1.099995,1.099995,7.838631e-08,7.83991715504e-08,0.016407903880151564
0.0,0.0,1.1,1.1,1.1,0.0,0.0,0.0,1.1,1.099996,7.078162e-06,1.099995,1.099995,1.099995,7.137933e-08,7.139129071479999e-08,0.016756552352043284
0.0,0.0,1.1,1.1,1.1,0.0,0.0,1.1,0.0,1.099996,7.078162e-06,1.099995,1.099995,3.635067e-06,7.840562e-08,7.84243056312e-08,0.02383200489964383
0.0,0.0,1.1,1.1,1.1,0.0,0.0,1.1,1.1,1.099996,7.078162e-06,1.099995,1.099995,3.635416e-06,7.347031e-08,7.3498556414e-08,0.038446025340036265
0.0,0.0,1.1,1.1,1.1,0.0,1.1,0.0,0.0,1.099996,7.078162e-06,1.099995,3.635416e-06,1.099995,8.93576e-08,8.93768822088e-08,0.021578700412723324
0.0,0.0,1.1,1.1,1.1,0.0,1.1,0.0,1.1,1.099996,7.078162e-06,1.099995,3.635416e-06,1.099995,8.235061e-08,8.236900137319998e-08,0.0223330139266562
0.0,0.0,1.1,1.1,1.1,0.0,1.1,1.1,0.0,1.099996,7.078162e-06,1.099995,3.635067e-06,3.635067e-06,8.306548e-08,8.308095123480002e-08,0.018625348098888883
0.0,0.0,1.1,1.1,1.1,0.0,1.1,1.1,1.1,1.099996,7.078162e-06,1.099995,3.635067e-06,3.635416e-06,8.052177e-08,8.055304735000001e-08,0.03884334633977477
0.0,0.0,1.1,1.1,1.1,1.1,0.0,0.0,0.0,1.099996,7.078162e-06,1.099995,1.099995,1.099995,8.681733e-08,8.684166308080002e-08,0.028027907331434457
0.0,0.0,1.1,1.1,1.1,1.1,0.0,0.0,1.1,1.099996,7.078162e-06,1.099995,1.099995,1.099995,7.981036e-08,7.983378224519999e-08,0.029347374451127287
0.0,0.0,1.1,1.1,1.1,1.1,0.0,1.1,0.0,1.099996,7.078162e-06,1.099995,1.099995,3.635067e-06,8.683664e-08,8.686679716160003e-08,0.034728614096565844
0.0,0.0,1.1,1.1,1.1,1.1,0.0,1.1,1.1,1.099996,7.078162e-06,1.099995,1.099995,3.635416e-06,8.190131e-08,8.194104794439998e-08,0.048519302560587424
0.0,0.0,1.1,1.1,1.1,1.1,1.1,0.0,0.0,1.099996,1.099996,3.635416e-06,3.635416e-06,1.099995,9.081296e-08,9.08454052368e-08,0.035727540210128236
0.0,0.0,1.1,1.1,1.1,1.1,1.1,0.0,1.1,1.099996,1.099996,3.635416e-06,3.635416e-06,1.099995,8.380598e-08,8.38375244012e-08,0.03763979754189113
0.0,0.0,1.1,1.1,1.1,1.1,1.1,1.1,0.0,1.099996,1.099996,3.635067e-06,3.635067e-06,3.635067e-06,7.489354e-08,7.491001982360001e-08,0.0220043325499295
0.0,0.0,1.1,1.1,1.1,1.1,1.1,1.1,1.1,1.099996,1.099996,3.635067e-06,3.635067e-06,3.635416e-06,7.474156e-08,7.477996127120001e-08,0.051378739218189855
0.0,1.1,0.0,0.0,0.0,0.0,0.0,0.0,0.0,1.099989,7.078162e-06,1.099995,1.099995,1.099995,6.74154e-08,6.742146089199995e-08,0.008990367186064142
0.0,1.1,0.0,0.0,0.0,0.0,0.0,0.0,1.1,1.099989,7.078162e-06,1.099995,1.099995,1.099995,6.040844e-08,6.041358005639995e-08,0.008508838168889726
0.0,1.1,0.0,0.0,0.0,0.0,0.0,1.1,0.0,1.099989,7.078162e-06,1.099995,1.099995,3.635961e-06,7.103473e-08,7.105410098119996e-08,0.02726973298830347
0.0,1.1,0.0,0.0,0.0,0.0,0.0,1.1,1.1,1.099989,7.078162e-06,1.099995,1.099995,1.099995,6.485895e-08,6.488477875479994e-08,0.0398229616728933
0.0,1.1,0.0,0.0,0.0,0.0,1.1,0.0,0.0,1.099989,7.078162e-06,1.099995,1.099995,1.099995,8.167041e-08,8.16836486016e-08,0.016209789567613285
0.0,1.1,0.0,0.0,0.0,0.0,1.1,0.0,1.1,1.099989,7.078162e-06,1.099995,1.099995,1.099995,7.466344e-08,7.4675767766e-08,0.01651111440885565
0.0,1.1,0.0,0.0,0.0,0.0,1.1,1.1,0.0,1.099989,7.078162e-06,1.099995,3.635961e-06,3.635961e-06,8.413859e-08,8.416201636760002e-08,0.027842595888537672
0.0,1.1,0.0,0.0,0.0,0.0,1.1,1.1,1.1,1.099989,7.078162e-06,1.099995,1.099995,1.099995,7.85098e-08,7.85421361264e-08,0.0411873758435229
0.0,1.1,0.0,0.0,0.0,1.1,0.0,0.0,0.0,1.099989,7.078162e-06,3.635961e-06,1.099995,1.099995,7.437565e-08,7.439396638519999e-08,0.024626857311482148
0.0,1.1,0.0,0.0,0.0,1.1,0.0,0.0,1.1,1.099989,7.078162e-06,3.635961e-06,1.099995,1.099995,6.736869e-08,6.738608554959997e-08,0.025821415853523502
0.0,1.1,0.0,0.0,0.0,1.1,0.0,1.1,0.0,1.099989,7.078162e-06,3.635961e-06,1.099995,3.635961e-06,7.799497e-08,7.802660647440001e-08,0.040562198305872287
0.0,1.1,0.0,0.0,0.0,1.1,0.0,1.1,1.1,1.099989,7.078162e-06,3.635961e-06,1.099995,1.099995,7.18192e-08,7.185728424799997e-08,0.05302794795817069
0.0,1.1,0.0,0.0,0.0,1.1,1.1,0.0,0.0,1.099989,7.078162e-06,3.635961e-06,1.099995,1.099995,8.681819e-08,8.684166308080003e-08,0.027037053870887465
0.0,1.1,0.0,0.0,0.0,1.1,1.1,0.0,1.1,1.099989,7.078162e-06,3.635961e-06,1.099995,1.099995,7.981121e-08,7.983378224520001e-08,0.028282048599446497
0.0,1.1,0.0,0.0,0.0,1.1,1.1,1.1,0.0,1.099989,7.078162e-06,3.635067e-06,3.635961e-06,3.635961e-06,8.597089e-08,8.600164146240002e-08,0.035769622019766696
0.0,1.1,0.0,0.0,0.0,1.1,1.1,1.1,1.1,1.099989,7.078162e-06,3.635961e-06,1.099995,1.099995,8.365758e-08,8.370015060560003e-08,0.0508867284949201
0.0,1.1,0.0,0.0,1.1,0.0,0.0,0.0,0.0,1.099989,7.078162e-06,1.099995,1.099995,1.099995,7.088218e-08,7.089697562879997e-08,0.020873552139572194
0.0,1.1,0.0,0.0,1.1,0.0,0.0,0.0,1.1,1.099989,7.078162e-06,1.099995,1.099995,1.099995,6.387522e-08,6.388909479319997e-08,0.021721714931041507
0.0,1.1,0.0,0.0,1.1,0.0,0.0,1.1,0.0,1.099989,7.078162e-06,1.099995,1.099995,3.635961e-06,7.450151e-08,7.452961571799998e-08,0.03772503134498491
0.0,1.1,0.0,0.0,1.1,0.0,0.0,1.1,1.1,1.099989,7.078162e-06,1.099995,1.099995,1.099995,6.832572e-08,6.836029349159996e-08,0.0506009912518483
0.0,1.1,0.0,0.0,1.1,0.0,1.1,0.0,0.0,1.099989,7.078162e-06,1.099995,1.099995,1.099995,8.513719e-08,8.51591633384e-08,0.025809330094159855
0.0,1.1,0.0,0.0,1.1,0.0,1.1,0.0,1.1,1.099989,7.078162e-06,1.099995,1.099995,1.099995,7.813023e-08,7.815128250279999e-08,0.026945399751145002
0.0,1.1,0.0,0.0,1.1,0.0,1.1,1.1,0.0,1.099989,7.078162e-06,1.099995,3.635961e-06,3.635961e-06,8.760537e-08,8.763753110440001e-08,0.036711339042357634
0.0,1.1,0.0,0.0,1.1,0.0,1.1,1.1,1.1,1.099989,7.078162e-06,1.099995,1.099995,1.099995,8.197657e-08,8.20176508632e-08,0.0501129325123096
0.0,1.1,0.0,0.0,1.1,1.1,0.0,0.0,0.0,1.099989,1.099989,3.635961e-06,1.099995,1.099995,7.720681e-08,7.723073845079996e-08,0.030992668651852066
0.0,1.1,0.0,0.0,1.1,1.1,0.0,0.0,1.1,1.099989,1.099989,3.635961e-06,1.099995,1.099995,7.019985e-08,7.022285761519998e-08,0.032774450657622745
0.0,1.1,0.0,0.0,1.1,1.1,0.0,1.1,0.0,1.099989,1.099989,3.635961e-06,1.099995,3.635961e-06,8.082614e-08,8.086337853999998e-08,0.04607239687553235
0.0,1.1,0.0,0.0,1.1,1.1,0.0,1.1,1.1,1.099989,1.099989,3.635961e-06,1.099995,1.099995,7.465036e-08,7.469405631359997e-08,0.05853463211693201
0.0,1.1,0.0,0.0,1.1,1.1,1.1,0.0,0.0,1.099989,1.099989,3.635961e-06,1.099995,1.099995,8.964935e-08,8.967843514640002e-08,0.032443231769131935
0.0,1.1,0.0,0.0,1.1,1.1,1.1,0.0,1.1,1.099989,1.099989,3.635961e-06,1.099995,1.099995,8.264236e-08,8.267055431079998e-08,0.03411605234891705
0.0,1.1,0.0,0.0,1.1,1.1,1.1,1.1,0.0,1.099989,1.099999,3.635067e-06,3.635961e-06,3.635961e-06,8.395841e-08,8.399464975360003e-08,0.043163935095999216
0.0,1.1,0.0,0.0,1.1,1.1,1.1,1.1,1.1,1.099989,1.099999,3.635961e-06,1.099995,1.099995,8.16451e-08,8.169315889680002e-08,0.058863173417646436
0.0,1.1,0.0,1.1,0.0,0.0,0.0,0.0,0.0,1.099999,7.078162e-06,1.099995,1.099995,1.099995,7.030347e-08,7.031362131039998e-08,0.014439273623304898
0.0,1.1,0.0,1.1,0.0,0.0,0.0,0.0,1.1,1.099999,7.078162e-06,1.099995,1.099995,1.099995,6.329648e-08,6.330574047479996e-08,0.014630315619391075
0.0,1.1,0.0,1.1,0.0,0.0,0.0,1.1,0.0,1.099999,7.078162e-06,1.099995,1.099995,3.635067e-06,7.032278e-08,7.03387553912e-08,0.022717235012613315
0.0,1.1,0.0,1.1,0.0,0.0,0.0,1.1,1.1,1.099999,7.078162e-06,1.099995,1.099995,3.635416e-06,6.538745e-08,6.541300617399997e-08,0.039084218760577966
0.0,1.1,0.0,1.1,0.0,0.0,1.1,0.0,0.0,1.099999,7.078162e-06,1.099995,1.099995,1.099995,8.455845e-08,8.457580902000003e-08,0.020529018684748986
0.0,1.1,0.0,1.1,0.0,0.0,1.1,0.0,1.1,1.099999,7.078162e-06,1.099995,1.099995,1.099995,7.755147e-08,7.756792818440001e-08,0.021222272640365164
0.0,1.1,0.0,1.1,0.0,0.0,1.1,1.1,0.0,1.099999,7.078162e-06,1.099995,3.635961e-06,3.635067e-06,7.950658e-08,7.952345105520004e-08,0.021219696784895027
0.0,1.1,0.0,1.1,0.0,0.0,1.1,1.1,1.1,1.099999,7.078162e-06,1.099995,3.635961e-06,3.635416e-06,7.696287e-08,7.699554717040003e-08,0.04245835738717993
0.0,1.1,0.0,1.1,0.0,1.1,0.0,0.0,0.0,1.099999,7.078162e-06,3.635961e-06,1.099995,1.099995,7.726371e-08,7.728612680360005e-08,0.02901336681871455
0.0,1.1,0.0,1.1,0.0,1.1,0.0,0.0,1.1,1.099999,7.078162e-06,3.635961e-06,1.099995,1.099995,7.025674e-08,7.027824596799999e-08,0.030610540711095376
0.0,1.1,0.0,1.1,0.0,1.1,0.0,1.1,0.0,1.099999,7.078162e-06,3.635961e-06,1.099995,3.635067e-06,7.728285e-08,7.731126088440006e-08,0.03676221102101462
0.0,1.1,0.0,1.1,0.0,1.1,0.0,1.1,1.1,1.099999,7.078162e-06,3.635961e-06,1.099995,3.635416e-06,7.234754e-08,7.238551166720001e-08,0.05248508408165409
0.0,1.1,0.0,1.1,0.0,1.1,1.1,0.0,0.0,1.099999,7.078162e-06,3.635961e-06,1.099995,1.099995,8.970622e-08,8.973382349920004e-08,0.030770998042320703
0.0,1.1,0.0,1.1,0.0,1.1,1.1,0.0,1.1,1.099999,7.078162e-06,3.635961e-06,1.099995,1.099995,8.269925e-08,8.272594266360005e-08,0.03227679041834922
0.0,1.1,0.0,1.1,0.0,1.1,1.1,1.1,0.0,1.099999,7.078162e-06,3.635067e-06,3.635961e-06,3.635067e-06,7.741872e-08,7.743985642760002e-08,0.027301442855191167
0.0,1.1,0.0,1.1,0.0,1.1,1.1,1.1,1.1,1.099999,7.078162e-06,3.635961e-06,3.635961e-06,3.635416e-06,7.819048e-08,7.823034192720002e-08,0.050980537784174704
0.0,1.1,0.0,1.1,1.1,0.0,0.0,0.0,0.0,1.099999,7.078162e-06,1.099995,1.099995,1.099995,7.377023e-08,7.37891360472e-08,0.025628288267497572
0.0,1.1,0.0,1.1,1.1,0.0,0.0,0.0,1.1,1.099999,7.078162e-06,1.099995,1.099995,1.099995,6.676327e-08,6.678125521159999e-08,0.02693878175828257
0.0,1.1,0.0,1.1,1.1,0.0,0.0,1.1,0.0,1.099999,7.078162e-06,1.099995,1.099995,3.635067e-06,7.378956e-08,7.381427012800002e-08,0.03348729549276965
0.0,1.1,0.0,1.1,1.1,0.0,0.0,1.1,1.1,1.099999,7.078162e-06,1.099995,1.099995,3.635416e-06,6.885424e-08,6.888852091079999e-08,0.04978765403552742
0.0,1.1,0.0,1.1,1.1,0.0,1.1,0.0,0.0,1.099999,7.078162e-06,1.099995,1.099995,1.099995,8.802524e-08,8.805132375680003e-08,0.029632133692589324
0.0,1.1,0.0,1.1,1.1,0.0,1.1,0.0,1.1,1.099999,7.078162e-06,1.099995,1.099995,1.099995,8.101827e-08,8.104344292120001e-08,0.03107067233107164
0.0,1.1,0.0,1.1,1.1,0.0,1.1,1.1,0.0,1.099999,7.078162e-06,1.099995,3.635961e-06,3.635067e-06,8.297335e-08,8.299896579200003e-08,0.030872312616080776
0.0,1.1,0.0,1.1,1.1,0.0,1.1,1.1,1.1,1.099999,7.078162e-06,1.099995,3.635961e-06,3.635416e-06,8.042965e-08,8.047106190720003e-08,0.05148835933020843
0.0,1.1,0.0,1.1,1.1,1.1,0.0,0.0,0.0,1.099999,1.099989,3.635961e-06,1.099995,1.099995,8.009488e-08,8.012289886920002e-08,0.03498209773210927
0.0,1.1,0.0,1.1,1.1,1.1,0.0,0.0,1.1,1.099999,1.099989,3.635961e-06,1.099995,1.099995,7.30879e-08,7.311501803359997e-08,0.03710331477574165
0.0,1.1,0.0,1.1,1.1,1.1,0.0,1.1,0.0,1.099999,1.099989,3.635961e-06,1.099995,3.635067e-06,8.011402e-08,8.014803295000003e-08,0.04245567754560563
0.0,1.1,0.0,1.1,1.1,1.1,0.0,1.1,1.1,1.099999,1.099989,3.635961e-06,1.099995,3.635416e-06,7.51787e-08,7.52222837328e-08,0.05797351217831537
0.0,1.1,0.0,1.1,1.1,1.1,1.1,0.0,0.0,1.099999,1.099989,3.635961e-06,1.099995,1.099995,9.253739e-08,9.257059556480004e-08,0.03588340323844683
0.0,1.1,0.0,1.1,1.1,1.1,1.1,0.0,1.1,1.099999,1.099989,3.635961e-06,1.099995,1.099995,8.553041e-08,8.556271472920003e-08,0.03776987529935175
0.0,1.1,0.0,1.1,1.1,1.1,1.1,1.1,0.0,1.099999,1.099999,3.635067e-06,3.635961e-06,3.635067e-06,7.540625e-08,7.543286471880001e-08,0.03529510988812487
0.0,1.1,0.0,1.1,1.1,1.1,1.1,1.1,1.1,1.099999,1.099999,3.635961e-06,3.635961e-06,3.635416e-06,7.617801e-08,7.622335021840003e-08,0.05951877503760109
0.0,1.1,1.1,0.0,0.0,0.0,0.0,0.0,0.0,1.099999,7.078162e-06,1.099995,1.099995,1.099995,7.183175e-08,7.183899570039997e-08,0.010087044238757224
0.0,1.1,1.1,0.0,0.0,0.0,0.0,0.0,1.1,1.099999,7.078162e-06,1.099995,1.099995,1.099995,6.482478e-08,6.483111486479996e-08,0.009772288930200806
0.0,1.1,1.1,0.0,0.0,0.0,0.0,1.1,0.0,1.099999,7.078162e-06,1.099995,1.099995,3.635961e-06,7.545107e-08,7.547163578959999e-08,0.02725712120449944
0.0,1.1,1.1,0.0,0.0,0.0,0.0,1.1,1.1,1.099999,7.078162e-06,1.099995,1.099995,1.099995,6.927529e-08,6.930231356319995e-08,0.03900894994442782
0.0,1.1,1.1,0.0,0.0,0.0,1.1,0.0,0.0,1.099999,7.078162e-06,1.099995,3.635416e-06,1.099995,8.280304e-08,8.28167063588e-08,0.016504658283079926
0.0,1.1,1.1,0.0,0.0,0.0,1.1,0.0,1.1,1.099999,7.078162e-06,1.099995,3.635416e-06,1.099995,7.579607e-08,7.58088255232e-08,0.01682873953754531
0.0,1.1,1.1,0.0,0.0,0.0,1.1,1.1,0.0,1.099999,7.078162e-06,1.099995,3.635067e-06,3.635961e-06,8.403098e-08,8.405150111560002e-08,0.024420892865963714
0.0,1.1,1.1,0.0,0.0,0.0,1.1,1.1,1.1,1.099999,7.078162e-06,1.099995,3.635416e-06,1.099995,7.964245e-08,7.967519388360001e-08,0.04111360662562895
0.0,1.1,1.1,0.0,0.0,1.1,0.0,0.0,0.0,1.099999,7.078162e-06,3.635961e-06,1.099995,1.099995,7.879199e-08,7.881150119360003e-08,0.02476291511361754
0.0,1.1,1.1,0.0,0.0,1.1,0.0,0.0,1.1,1.099999,7.078162e-06,3.635961e-06,1.099995,1.099995,7.178503e-08,7.180362035799998e-08,0.025897262980857264
0.0,1.1,1.1,0.0,0.0,1.1,0.0,1.1,0.0,1.099999,7.078162e-06,3.635961e-06,1.099995,3.635961e-06,8.241132e-08,8.244414128280003e-08,0.03982618261669053
0.0,1.1,1.1,0.0,0.0,1.1,0.0,1.1,1.1,1.099999,7.078162e-06,3.635961e-06,1.099995,1.099995,7.623554e-08,7.62748190564e-08,0.05152328743261205
0.0,1.1,1.1,0.0,0.0,1.1,1.1,0.0,0.0,1.099999,7.078162e-06,3.635067e-06,3.635416e-06,1.099995,8.310702e-08,8.313095706360002e-08,0.02880269753388091
0.0,1.1,1.1,0.0,0.0,1.1,1.1,0.0,1.1,1.099999,7.078162e-06,3.635067e-06,3.635416e-06,1.099995,7.610005e-08,7.6123076228e-08,0.0302578355730413
0.0,1.1,1.1,0.0,0.0,1.1,1.1,1.1,0.0,1.099999,7.078162e-06,3.635067e-06,3.635067e-06,3.635961e-06,8.194324e-08,8.196790648800003e-08,0.03010191932858376
0.0,1.1,1.1,0.0,0.0,1.1,1.1,1.1,1.1,1.099999,7.078162e-06,3.635067e-06,3.635416e-06,1.099995,7.994642e-08,7.998944458840001e-08,0.053816779287948716
0.0,1.1,1.1,0.0,1.1,0.0,0.0,0.0,0.0,1.099999,7.078162e-06,1.099995,1.099995,1.099995,7.622265e-08,7.62350544892e-08,0.01627401986156465
0.0,1.1,1.1,0.0,1.1,0.0,0.0,0.0,1.1,1.099999,7.078162e-06,1.099995,1.099995,1.099995,6.92157e-08,6.922717365359998e-08,0.016576663387041998
0.0,1.1,1.1,0.0,1.1,0.0,0.0,1.1,0.0,1.099999,7.078162e-06,1.099995,1.099995,3.635961e-06,7.984199e-08,7.986769457839998e-08,0.0321943107880741
0.0,1.1,1.1,0.0,1.1,0.0,0.0,1.1,1.1,1.099999,7.078162e-06,1.099995,1.099995,1.099995,7.366621e-08,7.369837235199999e-08,0.04365957200728563
0.0,1.1,1.1,0.0,1.1,0.0,1.1,0.0,0.0,1.099999,7.078162e-06,1.099995,3.635416e-06,1.099995,8.719397e-08,8.721276514759999e-08,0.02155555894516962
0.0,1.1,1.1,0.0,1.1,0.0,1.1,0.0,1.1,1.099999,7.078162e-06,1.099995,3.635416e-06,1.099995,8.0187e-08,8.020488431199999e-08,0.022303256138763494
0.0,1.1,1.1,0.0,1.1,0.0,1.1,1.1,0.0,1.099999,7.078162e-06,1.099995,3.635067e-06,3.635961e-06,8.84219e-08,8.844755990440001e-08,0.029019851869288862
0.0,1.1,1.1,0.0,1.1,0.0,1.1,1.1,1.1,1.099999,7.078162e-06,1.099995,3.635416e-06,1.099995,8.403337e-08,8.407125267239999e-08,0.04508051075422933
0.0,1.1,1.1,0.0,1.1,1.1,0.0,0.0,0.0,1.099999,1.099989,3.635961e-06,1.099995,1.099995,8.254729e-08,8.25688173112e-08,0.0260787618830378
0.0,1.1,1.1,0.0,1.1,1.1,0.0,0.0,1.1,1.099999,1.099989,3.635961e-06,1.099995,1.099995,7.554033e-08,7.556093647559998e-08,0.027278773603413124
0.0,1.1,1.1,0.0,1.1,1.1,0.0,1.1,0.0,1.099999,1.099989,3.635961e-06,1.099995,3.635961e-06,8.616663e-08,8.62014574004e-08,0.04041866369846341
0.0,1.1,1.1,0.0,1.1,1.1,0.0,1.1,1.1,1.099999,1.099989,3.635961e-06,1.099995,1.099995,7.999084e-08,8.003213517399998e-08,0.05162487854857859
0.0,1.1,1.1,0.0,1.1,1.1,1.1,0.0,0.0,1.099999,1.099999,3.635067e-06,3.635416e-06,1.099995,8.354702e-08,8.356988379679999e-08,0.02736638218813162
0.0,1.1,1.1,0.0,1.1,1.1,1.1,0.0,1.1,1.099999,1.099999,3.635067e-06,3.635416e-06,1.099995,7.654005e-08,7.656200296119997e-08,0.028681665611613557
0.0,1.1,1.1,0.0,1.1,1.1,1.1,1.1,0.0,1.099999,1.099999,3.635067e-06,3.635067e-06,3.635961e-06,7.846318e-08,7.848361349880002e-08,0.026042149706430484
0.0,1.1,1.1,0.0,1.1,1.1,1.1,1.1,1.1,1.099999,1.099999,3.635067e-06,3.635416e-06,1.099995,7.646636e-08,7.65051515992e-08,0.05073028087122428
0.0,1.1,1.1,1.1,0.0,0.0,0.0,0.0,0.0,1.099999,7.078162e-06,1.099995,1.099995,1.099995,7.564358e-08,7.565170017080003e-08,0.01073477854965675
0.0,1.1,1.1,1.1,0.0,0.0,0.0,0.0,1.1,1.099999,7.078162e-06,1.099995,1.099995,1.099995,6.863661e-08,6.864381933519998e-08,0.010503629477018566
0.0,1.1,1.1,1.1,0.0,0.0,0.0,1.1,0.0,1.099999,7.078162e-06,1.099995,1.099995,3.635067e-06,7.566288e-08,7.567683425160004e-08,0.01844266514840664
0.0,1.1,1.1,1.1,0.0,0.0,0.0,1.1,1.1,1.099999,7.078162e-06,1.099995,1.099995,3.635416e-06,7.072757e-08,7.07510850344e-08,0.03324733820207326
0.0,1.1,1.1,1.1,0.0,0.0,1.1,0.0,0.0,1.099999,7.078162e-06,1.099995,3.635416e-06,1.099995,8.661486e-08,8.662941082920002e-08,0.01679946050831351
0.0,1.1,1.1,1.1,0.0,0.0,1.1,0.0,1.1,1.099999,7.078162e-06,1.099995,3.635416e-06,1.099995,7.960789e-08,7.962152999360002e-08,0.017133972022134156
0.0,1.1,1.1,1.1,0.0,0.0,1.1,1.1,0.0,1.099999,7.078162e-06,1.099995,3.635067e-06,3.635067e-06,8.032276e-08,8.033347985520005e-08,0.013345974665276898
0.0,1.1,1.1,1.1,0.0,0.0,1.1,1.1,1.1,1.099999,7.078162e-06,1.099995,3.635067e-06,3.635416e-06,7.777904e-08,7.780557597040004e-08,0.034117122556460495
0.0,1.1,1.1,1.1,0.0,1.1,0.0,0.0,0.0,1.099999,7.078162e-06,3.635961e-06,1.099995,1.099995,8.260382e-08,8.262420566400005e-08,0.024678839307975427
0.0,1.1,1.1,1.1,0.0,1.1,0.0,0.0,1.1,1.099999,7.078162e-06,3.635961e-06,1.099995,1.099995,7.559684e-08,7.561632482840004e-08,0.025774659893243384
0.0,1.1,1.1,1.1,0.0,1.1,0.0,1.1,0.0,1.099999,7.078162e-06,3.635961e-06,1.099995,3.635067e-06,8.262297e-08,8.264933974480005e-08,0.03191575514661245
0.0,1.1,1.1,1.1,0.0,1.1,0.0,1.1,1.1,1.099999,7.078162e-06,3.635961e-06,1.099995,3.635416e-06,7.768766e-08,7.772359052760004e-08,0.04624998049888446
0.0,1.1,1.1,1.1,0.0,1.1,1.1,0.0,0.0,1.099999,7.078162e-06,3.635067e-06,3.635416e-06,1.099995,8.691885e-08,8.694366153400001e-08,0.028545630780911956
0.0,1.1,1.1,1.1,0.0,1.1,1.1,0.0,1.1,1.099999,7.078162e-06,3.635067e-06,3.635416e-06,1.099995,7.991188e-08,7.993578069840003e-08,0.029908817562588563
0.0,1.1,1.1,1.1,0.0,1.1,1.1,1.1,0.0,1.099999,7.078162e-06,3.635067e-06,3.635067e-06,3.635067e-06,7.431486e-08,7.432666550520002e-08,0.015885793500820942
0.0,1.1,1.1,1.1,0.0,1.1,1.1,1.1,1.1,1.099999,7.078162e-06,3.635067e-06,3.635067e-06,3.635416e-06,7.416288e-08,7.419660695280002e-08,0.045476864976139834
0.0,1.1,1.1,1.1,1.1,0.0,0.0,0.0,0.0,1.099999,7.078162e-06,1.099995,1.099995,1.099995,8.00345e-08,8.004775895960001e-08,0.016566555173094778
0.0,1.1,1.1,1.1,1.1,0.0,0.0,0.0,1.1,1.099999,7.078162e-06,1.099995,1.099995,1.099995,7.302753e-08,7.303987812400002e-08,0.01690886163069915
0.0,1.1,1.1,1.1,1.1,0.0,0.0,1.1,0.0,1.099999,7.078162e-06,1.099995,1.099995,3.635067e-06,8.005382e-08,8.007289304040002e-08,0.023825272048245118
0.0,1.1,1.1,1.1,1.1,0.0,0.0,1.1,1.1,1.099999,7.078162e-06,1.099995,1.099995,3.635416e-06,7.511849e-08,7.514714382320003e-08,0.03814483384853171
0.0,1.1,1.1,1.1,1.1,0.0,1.1,0.0,0.0,1.099999,7.078162e-06,1.099995,3.635416e-06,1.099995,9.100579e-08,9.102546961800002e-08,0.021624577952705868
0.0,1.1,1.1,1.1,1.1,0.0,1.1,0.0,1.1,1.099999,7.078162e-06,1.099995,3.635416e-06,1.099995,8.399882e-08,8.40175887824e-08,0.022344102452859293
0.0,1.1,1.1,1.1,1.1,0.0,1.1,1.1,0.0,1.099999,7.078162e-06,1.099995,3.635067e-06,3.635067e-06,8.471367e-08,8.472953864400003e-08,0.01873209365151937
0.0,1.1,1.1,1.1,1.1,0.0,1.1,1.1,1.1,1.099999,7.078162e-06,1.099995,3.635067e-06,3.635416e-06,8.216996e-08,8.220163475920002e-08,0.03854785763558426
0.0,1.1,1.1,1.1,1.1,1.1,0.0,0.0,0.0,1.099999,1.099989,3.635961e-06,1.099995,1.099995,8.635913e-08,8.638152178160003e-08,0.025928678994376838
0.0,1.1,1.1,1.1,1.1,1.1,0.0,0.0,1.1,1.099999,1.099989,3.635961e-06,1.099995,1.099995,7.935216e-08,7.9373640946e-08,0.027070398587751628
0.0,1.1,1.1,1.1,1.1,1.1,0.0,1.1,0.0,1.099999,1.099989,3.635961e-06,1.099995,3.635067e-06,8.637829e-08,8.640665586240004e-08,0.032839110846066256
0.0,1.1,1.1,1.1,1.1,1.1,0.0,1.1,1.1,1.099999,1.099989,3.635961e-06,1.099995,3.635416e-06,8.144297e-08,8.148090664520001e-08,0.04658062592758312
0.0,1.1,1.1,1.1,1.1,1.1,1.1,0.0,0.0,1.099999,1.099999,3.635067e-06,3.635416e-06,1.099995,8.735885e-08,8.738258826720002e-08,0.027173282615358653
0.0,1.1,1.1,1.1,1.1,1.1,1.1,0.0,1.1,1.099999,1.099999,3.635067e-06,3.635416e-06,1.099995,8.035187e-08,8.03747074316e-08,0.02842177985403963
0.0,1.1,1.1,1.1,1.1,1.1,1.1,1.1,0.0,1.099999,1.099999,3.635067e-06,3.635067e-06,3.635067e-06,7.083478e-08,7.084237251600001e-08,0.010718627205471046
0.0,1.1,1.1,1.1,1.1,1.1,1.1,1.1,1.1,1.099999,1.099999,3.635067e-06,3.635067e-06,3.635416e-06,7.068281e-08,7.071231396360001e-08,0.04174135634960102
1.1,0.0,0.0,0.0,0.0,0.0,0.0,0.0,0.0,1.099989,7.078162e-06,1.099995,1.099995,1.099995,6.677987e-08,6.678271822079994e-08,0.004265088865757902
1.1,0.0,0.0,0.0,0.0,0.0,0.0,0.0,1.1,1.099989,7.078162e-06,1.099995,1.099995,1.099995,5.977291e-08,5.977483738519995e-08,0.0032245129105271933
1.1,0.0,0.0,0.0,0.0,0.0,0.0,1.1,0.0,1.099989,7.078162e-06,1.099995,1.099995,3.635961e-06,7.039918e-08,7.041535830999994e-08,0.02298082165152941
1.1,0.0,0.0,0.0,0.0,0.0,0.0,1.1,1.1,1.099989,7.078162e-06,1.099995,1.099995,1.099995,6.422342e-08,6.424603608359994e-08,0.03521469831402815
1.1,0.0,0.0,0.0,0.0,0.0,1.1,0.0,0.0,1.099989,7.078162e-06,1.099995,1.099995,1.099995,8.103487e-08,8.104490593039999e-08,0.012384705991368017
1.1,0.0,0.0,0.0,0.0,0.0,1.1,0.0,1.1,1.099989,7.078162e-06,1.099995,1.099995,1.099995,7.402791e-08,7.403702509479997e-08,0.012313051658450187
1.1,0.0,0.0,0.0,0.0,0.0,1.1,1.1,0.0,1.099989,7.078162e-06,1.099995,3.635961e-06,3.635961e-06,8.350305e-08,8.35232736964e-08,0.024219111038467567
1.1,0.0,0.0,0.0,0.0,0.0,1.1,1.1,1.1,1.099989,7.078162e-06,1.099995,1.099995,1.099995,7.787427e-08,7.790339345519998e-08,0.037398045850037316
1.1,0.0,0.0,0.0,0.0,1.1,0.0,0.0,0.0,1.099989,7.078162e-06,1.099995,1.099995,1.099995,7.428675e-08,7.430466569919996e-08,0.024116951138607273
1.1,0.0,0.0,0.0,0.0,1.1,0.0,0.0,1.1,1.099989,7.078162e-06,1.099995,1.099995,1.099995,6.727977e-08,6.729678486359994e-08,0.025289717250722182
1.1,0.0,0.0,0.0,0.0,1.1,0.0,1.1,0.0,1.099989,7.078162e-06,1.099995,1.099995,3.635961e-06,7.790607e-08,7.793730578839998e-08,0.04009416519146398
1.1,0.0,0.0,0.0,0.0,1.1,0.0,1.1,1.1,1.099989,7.078162e-06,1.099995,1.099995,1.099995,7.17303e-08,7.176798356199996e-08,0.05253506816500102
1.1,0.0,0.0,0.0,0.0,1.1,1.1,0.0,0.0,1.099989,7.078162e-06,1.099995,1.099995,1.099995,8.672934e-08,8.675236239480002e-08,0.02654510549719224
1.1,0.0,0.0,0.0,0.0,1.1,1.1,0.0,1.1,1.099989,7.078162e-06,1.099995,1.099995,1.099995,7.972237e-08,7.974448155919998e-08,0.027735702287809073
1.1,0.0,0.0,0.0,0.0,1.1,1.1,1.1,0.0,1.099989,7.078162e-06,3.635416e-06,3.635961e-06,3.635961e-06,8.712223e-08,8.715591378560002e-08,0.03866267610461417
1.1,0.0,0.0,0.0,0.0,1.1,1.1,1.1,1.1,1.099989,7.078162e-06,1.099995,1.099995,1.099995,8.356873e-08,8.361084991960001e-08,0.050401531290483526
1.1,0.0,0.0,0.0,1.1,0.0,0.0,0.0,0.0,1.099989,1.099989,1.099995,1.099995,1.099995,7.081983e-08,7.082915096239994e-08,0.013161514790334146
1.1,0.0,0.0,0.0,1.1,0.0,0.0,0.0,1.1,1.099989,1.099989,1.099995,1.099995,1.099995,6.381286e-08,6.382127012679996e-08,0.013179360398451821
1.1,0.0,0.0,0.0,1.1,0.0,0.0,1.1,0.0,1.099989,1.099989,1.099995,1.099995,3.635961e-06,7.443916e-08,7.446179105159993e-08,0.030402078153400285
1.1,0.0,0.0,0.0,1.1,0.0,0.0,1.1,1.1,1.099989,1.099989,1.099995,1.099995,1.099995,6.826338e-08,6.829246882519995e-08,0.04261263535434829
1.1,0.0,0.0,0.0,1.1,0.0,1.1,0.0,0.0,1.099989,1.099989,1.099995,1.099995,1.099995,8.507483e-08,8.509133867199995e-08,0.01940488391213885
1.1,0.0,0.0,0.0,1.1,0.0,1.1,0.0,1.1,1.099989,1.099989,1.099995,1.099995,1.099995,7.806787e-08,7.808345783639996e-08,0.01996703176346386
1.1,0.0,0.0,0.0,1.1,0.0,1.1,1.1,0.0,1.099989,1.099989,1.099995,3.635961e-06,3.635961e-06,8.754302e-08,8.756970643799997e-08,0.030483798708306746
1.1,0.0,0.0,0.0,1.1,0.0,1.1,1.1,1.1,1.099989,1.099989,1.099995,1.099995,1.099995,8.191423e-08,8.194982619679997e-08,0.043455449437747894
1.1,0.0,0.0,0.0,1.1,1.1,0.0,0.0,0.0,1.099989,1.099989,1.099995,1.099995,1.099995,7.925069e-08,7.927164249279994e-08,0.026438246531278284
1.1,0.0,0.0,0.0,1.1,1.1,0.0,0.0,1.1,1.099989,1.099989,1.099995,1.099995,1.099995,7.224372e-08,7.226376165719996e-08,0.027741729246443993
1.1,0.0,0.0,0.0,1.1,1.1,0.0,1.1,0.0,1.099989,1.099989,1.099995,1.099995,3.635961e-06,8.287001e-08,8.290428258199994e-08,0.04135703857154608
1.1,0.0,0.0,0.0,1.1,1.1,0.0,1.1,1.1,1.099989,1.099989,1.099995,1.099995,1.099995,7.669424e-08,7.673496035559995e-08,0.053094411783665536
1.1,0.0,0.0,0.0,1.1,1.1,1.1,0.0,0.0,1.099989,1.099989,1.099995,1.099995,1.099995,9.169328e-08,9.171933918839998e-08,0.02841995443939303
1.1,0.0,0.0,0.0,1.1,1.1,1.1,0.0,1.1,1.099989,1.099989,1.099995,1.099995,1.099995,8.46863e-08,8.471145835279995e-08,0.02970770100942976
1.1,0.0,0.0,0.0,1.1,1.1,1.1,1.1,0.0,1.099989,1.099999,3.635416e-06,3.635961e-06,3.635961e-06,8.724251e-08,8.727912680480001e-08,0.04197128762114086
1.1,0.0,0.0,0.0,1.1,1.1,1.1,1.1,1.1,1.099989,1.099999,1.099995,1.099995,1.099995,8.368905e-08,8.37340629388e-08,0.0537859359139526
1.1,0.0,0.0,1.1,0.0,0.0,0.0,0.0,0.0,1.099999,7.078162e-06,1.099995,1.099995,1.099995,6.966794e-08,6.967487863919995e-08,0.009959587150055755
1.1,0.0,0.0,1.1,0.0,0.0,0.0,0.0,1.1,1.099999,7.078162e-06,1.099995,1.099995,1.099995,6.266095e-08,6.266699780359995e-08,0.00965163088007517
1.1,0.0,0.0,1.1,0.0,0.0,0.0,1.1,0.0,1.099999,7.078162e-06,1.099995,1.099995,3.635067e-06,6.968723e-08,6.970001271999997e-08,0.018342987660694636
1.1,0.0,0.0,1.1,0.0,0.0,0.0,1.1,1.1,1.099999,7.078162e-06,1.099995,1.099995,3.635416e-06,6.475191e-08,6.477426350279996e-08,0.03452176592158758
1.1,0.0,0.0,1.1,0.0,0.0,1.1,0.0,0.0,1.099999,7.078162e-06,1.099995,1.099995,1.099995,8.392291e-08,8.393706634880002e-08,0.01686827685077609
1.1,0.0,0.0,1.1,0.0,0.0,1.1,0.0,1.1,1.099999,7.078162e-06,1.099995,1.099995,1.099995,7.691594e-08,7.69291855132e-08,0.017220764902560786
1.1,0.0,0.0,1.1,0.0,0.0,1.1,1.1,0.0,1.099999,7.078162e-06,1.099995,3.635961e-06,3.635067e-06,7.887102e-08,7.888470838400003e-08,0.017355403797271362
1.1,0.0,0.0,1.1,0.0,0.0,1.1,1.1,1.1,1.099999,7.078162e-06,1.099995,3.635961e-06,3.635416e-06,7.632733e-08,7.635680449920001e-08,0.03861591804666949
1.1,0.0,0.0,1.1,0.0,1.1,0.0,0.0,0.0,1.099999,7.078162e-06,1.099995,1.099995,1.099995,7.71748e-08,7.719682611760002e-08,0.028540556762073073
1.1,0.0,0.0,1.1,0.0,1.1,0.0,0.0,1.1,1.099999,7.078162e-06,1.099995,1.099995,1.099995,7.016783e-08,7.018894528199996e-08,0.030092539558308935
1.1,0.0,0.0,1.1,0.0,1.1,0.0,1.1,0.0,1.099999,7.078162e-06,1.099995,1.099995,3.635067e-06,7.719411e-08,7.722196019840003e-08,0.03607813912230881
1.1,0.0,0.0,1.1,0.0,1.1,0.0,1.1,1.1,1.099999,7.078162e-06,1.099995,1.099995,3.635416e-06,7.225879e-08,7.229621098119998e-08,0.05178744509834554
1.1,0.0,0.0,1.1,0.0,1.1,1.1,0.0,0.0,1.099999,7.078162e-06,1.099995,1.099995,1.099995,8.961738e-08,8.964452281320002e-08,0.030287443350853607
1.1,0.0,0.0,1.1,0.0,1.1,1.1,0.0,1.1,1.099999,7.078162e-06,1.099995,1.099995,1.099995,8.261041e-08,8.263664197760003e-08,0.031753840224284055
1.1,0.0,0.0,1.1,0.0,1.1,1.1,1.1,0.0,1.099999,7.078162e-06,3.635067e-06,3.635961e-06,3.635067e-06,7.91747e-08,7.919895908880001e-08,0.030639950388204648
1.1,0.0,0.0,1.1,0.0,1.1,1.1,1.1,1.1,1.099999,7.078162e-06,3.635961e-06,3.635961e-06,3.635416e-06,7.994646e-08,7.998944458840001e-08,0.053766718876629406
1.1,0.0,0.0,1.1,1.1,0.0,0.0,0.0,0.0,1.099999,1.099989,1.099995,1.099995,1.099995,7.370788e-08,7.372131138079995e-08,0.01822244894296728
1.1,0.0,0.0,1.1,1.1,0.0,0.0,0.0,1.1,1.099999,1.099989,1.099995,1.099995,1.099995,6.67009e-08,6.671343054519995e-08,0.01878617110106
1.1,0.0,0.0,1.1,1.1,0.0,0.0,1.1,0.0,1.099999,1.099989,1.099995,1.099995,3.635067e-06,7.372719e-08,7.374644546159997e-08,0.026117178207888503
1.1,0.0,0.0,1.1,1.1,0.0,0.0,1.1,1.1,1.099999,1.099989,1.099995,1.099995,3.635416e-06,6.879187e-08,6.882069624439996e-08,0.041903562731989925
1.1,0.0,0.0,1.1,1.1,0.0,1.1,0.0,0.0,1.099999,1.099989,1.099995,1.099995,1.099995,8.796288e-08,8.798349909039999e-08,0.023440672247179762
1.1,0.0,0.0,1.1,1.1,0.0,1.1,0.0,1.1,1.099999,1.099989,1.099995,1.099995,1.099995,8.095591e-08,8.097561825479998e-08,0.024344429949553492
1.1,0.0,0.0,1.1,1.1,0.0,1.1,1.1,0.0,1.099999,1.099989,1.099995,3.635961e-06,3.635067e-06,8.291099e-08,8.293114112559999e-08,0.024304528989452758
1.1,0.0,0.0,1.1,1.1,0.0,1.1,1.1,1.1,1.099999,1.099989,1.099995,3.635961e-06,3.635416e-06,8.03673e-08,8.040323724079999e-08,0.04471624752852196
1.1,0.0,0.0,1.1,1.1,1.1,0.0,0.0,0.0,1.099999,1.099989,1.099995,1.099995,1.099995,8.213874e-08,8.216380291119998e-08,0.030512899516090583
1.1,0.0,0.0,1.1,1.1,1.1,0.0,0.0,1.1,1.099999,1.099989,1.099995,1.099995,1.099995,7.513177e-08,7.515592207559995e-08,0.03214628858064966
1.1,0.0,0.0,1.1,1.1,1.1,0.0,1.1,0.0,1.099999,1.099989,1.099995,1.099995,3.635067e-06,8.215806e-08,8.218893699199999e-08,0.037582425875178675
1.1,0.0,0.0,1.1,1.1,1.1,0.0,1.1,1.1,1.099999,1.099989,1.099995,1.099995,3.635416e-06,7.722274e-08,7.726318777479996e-08,0.052378062213231484
1.1,0.0,0.0,1.1,1.1,1.1,1.1,0.0,0.0,1.099999,1.099989,1.099995,1.099995,1.099995,9.458133e-08,9.46114996068e-08,0.03189805725929463
1.1,0.0,0.0,1.1,1.1,1.1,1.1,0.0,1.1,1.099999,1.099989,1.099995,1.099995,1.099995,8.757436e-08,8.760361877119999e-08,0.03341020271229609
1.1,0.0,0.0,1.1,1.1,1.1,1.1,1.1,0.0,1.099999,1.099999,3.635067e-06,3.635961e-06,3.635067e-06,7.9295e-08,7.9322172108e-08,0.03426711394161334
1.1,0.0,0.0,1.1,1.1,1.1,1.1,1.1,1.1,1.099999,1.099999,3.635961e-06,3.635961e-06,3.635416e-06,8.006676e-08,8.01126576076e-08,0.05732417247806226
1.1,0.0,1.1,0.0,0.0,0.0,0.0,0.0,0.0,1.099999,7.078162e-06,1.099995,1.099995,1.099995,7.119621e-08,7.120025302919995e-08,0.005678714077533823
1.1,0.0,1.1,0.0,0.0,0.0,0.0,0.0,1.1,1.099999,7.078162e-06,1.099995,1.099995,1.099995,6.418924e-08,6.419237219359996e-08,0.004879624061541384
1.1,0.0,1.1,0.0,0.0,0.0,0.0,1.1,0.0,1.099999,7.078162e-06,1.099995,1.099995,3.635961e-06,7.481553e-08,7.483289311839997e-08,0.02320790670061684
1.1,0.0,1.1,0.0,0.0,0.0,0.0,1.1,1.1,1.099999,7.078162e-06,1.099995,1.099995,1.099995,6.863975e-08,6.866357089199994e-08,0.034704223135919775
1.1,0.0,1.1,0.0,0.0,0.0,1.1,0.0,0.0,1.099999,7.078162e-06,1.099995,3.635416e-06,1.099995,8.216751e-08,8.217796368759999e-08,0.01272241011075903
1.1,0.0,1.1,0.0,0.0,0.0,1.1,0.0,1.1,1.099999,7.078162e-06,1.099995,3.635416e-06,1.099995,7.516053e-08,7.517008285199999e-08,0.012709931662255496
1.1,0.0,1.1,0.0,0.0,0.0,1.1,1.1,0.0,1.099999,7.078162e-06,1.099995,3.635067e-06,3.635961e-06,8.339545e-08,8.341275844440001e-08,0.020754662754386612
1.1,0.0,1.1,0.0,0.0,0.0,1.1,1.1,1.1,1.099999,7.078162e-06,1.099995,3.635416e-06,1.099995,7.900689e-08,7.903645121240001e-08,0.03741599295961798
1.1,0.0,1.1,0.0,0.0,1.1,0.0,0.0,0.0,1.099999,7.078162e-06,1.099995,1.099995,1.099995,7.870309e-08,7.872220050760001e-08,0.024281775467793223
1.1,0.0,1.1,0.0,0.0,1.1,0.0,0.0,1.1,1.099999,7.078162e-06,1.099995,1.099995,1.099995,7.169611e-08,7.171431967199995e-08,0.025398410039195133
1.1,0.0,1.1,0.0,0.0,1.1,0.0,1.1,0.0,1.099999,7.078162e-06,1.099995,1.099995,3.635961e-06,8.232241e-08,8.235484059680001e-08,0.039394615390884416
1.1,0.0,1.1,0.0,0.0,1.1,0.0,1.1,1.1,1.099999,7.078162e-06,1.099995,1.099995,1.099995,7.614662e-08,7.618551837039998e-08,0.05108351546001946
1.1,0.0,1.1,0.0,0.0,1.1,1.1,0.0,0.0,1.099999,7.078162e-06,3.635416e-06,3.635416e-06,1.099995,8.425835e-08,8.42852293868e-08,0.03190115495972338
1.1,0.0,1.1,0.0,0.0,1.1,1.1,0.0,1.1,1.099999,7.078162e-06,3.635416e-06,3.635416e-06,1.099995,7.725137e-08,7.727734855119998e-08,0.03362859610125096
1.1,0.0,1.1,0.0,0.0,1.1,1.1,1.1,0.0,1.099999,7.078162e-06,3.635416e-06,3.635067e-06,3.635961e-06,8.309457e-08,8.312217881120002e-08,0.033225770588874756
1.1,0.0,1.1,0.0,0.0,1.1,1.1,1.1,1.1,1.099999,7.078162e-06,3.635416e-06,3.635416e-06,1.099995,8.109774e-08,8.11437169116e-08,0.05669320945318233
1.1,0.0,1.1,0.0,1.1,0.0,0.0,0.0,0.0,1.099999,1.099989,1.099995,1.099995,1.099995,7.616031e-08,7.616722982279995e-08,0.00908586480274137
1.1,0.0,1.1,0.0,1.1,0.0,0.0,0.0,1.1,1.099999,1.099989,1.099995,1.099995,1.099995,6.915336e-08,6.915934898719996e-08,0.008660442818612297
1.1,0.0,1.1,0.0,1.1,0.0,0.0,1.1,0.0,1.099999,1.099989,1.099995,1.099995,3.635961e-06,7.977964e-08,7.979986991199997e-08,0.025357236507924038
1.1,0.0,1.1,0.0,1.1,0.0,0.0,1.1,1.1,1.099999,1.099989,1.099995,1.099995,1.099995,7.360387e-08,7.363054768559993e-08,0.036244949620093746
1.1,0.0,1.1,0.0,1.1,0.0,1.1,0.0,0.0,1.099999,1.099989,1.099995,3.635416e-06,1.099995,8.713162e-08,8.714494048119994e-08,0.015287769468700758
1.1,0.0,1.1,0.0,1.1,0.0,1.1,0.0,1.1,1.099999,1.099989,1.099995,3.635416e-06,1.099995,8.012465e-08,8.013705964559996e-08,0.015487924877006475
1.1,0.0,1.1,0.0,1.1,0.0,1.1,1.1,0.0,1.099999,1.099989,1.099995,3.635067e-06,3.635961e-06,8.835957e-08,8.837973523799996e-08,0.02282179281764862
1.1,0.0,1.1,0.0,1.1,0.0,1.1,1.1,1.1,1.099999,1.099989,1.099995,3.635416e-06,1.099995,8.397101e-08,8.400342800599996e-08,0.03860618801650948
1.1,0.0,1.1,0.0,1.1,1.1,0.0,0.0,0.0,1.099999,1.099989,1.099995,1.099995,1.099995,8.459117e-08,8.460972135319995e-08,0.021930602449343497
1.1,0.0,1.1,0.0,1.1,1.1,0.0,0.0,1.1,1.099999,1.099989,1.099995,1.099995,1.099995,7.75842e-08,7.760184051759994e-08,0.022737255265816825
1.1,0.0,1.1,0.0,1.1,1.1,0.0,1.1,0.0,1.099999,1.099989,1.099995,1.099995,3.635961e-06,8.821049e-08,8.824236144239996e-08,0.036131124994279645
1.1,0.0,1.1,0.0,1.1,1.1,0.0,1.1,1.1,1.099999,1.099989,1.099995,1.099995,1.099995,8.203471e-08,8.207303921599995e-08,0.0467231687659349
1.1,0.0,1.1,0.0,1.1,1.1,1.1,0.0,0.0,1.099999,1.099999,3.635416e-06,3.635416e-06,1.099995,8.683112e-08,8.685436084799997e-08,0.026765574370069645
1.1,0.0,1.1,0.0,1.1,1.1,1.1,0.0,1.1,1.099999,1.099999,3.635416e-06,3.635416e-06,1.099995,7.982416e-08,7.984648001239995e-08,0.027961474821593047
1.1,0.0,1.1,0.0,1.1,1.1,1.1,1.1,0.0,1.099999,1.099999,3.635416e-06,3.635067e-06,3.635961e-06,8.174729e-08,8.176809055e-08,0.02544494135524139
1.1,0.0,1.1,0.0,1.1,1.1,1.1,1.1,1.1,1.099999,1.099999,3.635416e-06,3.635416e-06,1.099995,7.975047e-08,7.978962865039998e-08,0.049101466612031026
1.1,0.0,1.1,1.1,0.0,0.0,0.0,0.0,0.0,1.099999,7.078162e-06,1.099995,1.099995,1.099995,7.500803e-08,7.501295749960002e-08,0.006569296114059434
1.1,0.0,1.1,1.1,0.0,0.0,0.0,0.0,1.1,1.099999,7.078162e-06,1.099995,1.099995,1.099995,6.800107e-08,6.800507666399997e-08,0.0058920602278266475
1.1,0.0,1.1,1.1,0.0,0.0,0.0,1.1,0.0,1.099999,7.078162e-06,1.099995,1.099995,3.635067e-06,7.502734e-08,7.503809158040001e-08,0.01433021669168571
1.1,0.0,1.1,1.1,0.0,0.0,0.0,1.1,1.1,1.099999,7.078162e-06,1.099995,1.099995,3.635416e-06,7.009203e-08,7.01123423632e-08,0.028979561870284526
1.1,0.0,1.1,1.1,0.0,0.0,1.1,0.0,0.0,1.099999,7.078162e-06,1.099995,3.635416e-06,1.099995,8.597933e-08,8.599066815800001e-08,0.01318707414911788
1.1,0.0,1.1,1.1,0.0,0.0,1.1,0.0,1.1,1.099999,7.078162e-06,1.099995,3.635416e-06,1.099995,7.897235e-08,7.89827873224e-08,0.013216426255524695
1.1,0.0,1.1,1.1,0.0,0.0,1.1,1.1,0.0,1.099999,7.078162e-06,1.099995,3.635067e-06,3.635067e-06,7.96872e-08,7.969473718400004e-08,0.009458462588769373
1.1,0.0,1.1,1.1,0.0,0.0,1.1,1.1,1.1,1.099999,7.078162e-06,1.099995,3.635067e-06,3.635416e-06,7.714349e-08,7.716683329920004e-08,0.03025958405568864
1.1,0.0,1.1,1.1,0.0,1.1,0.0,0.0,0.0,1.099999,7.078162e-06,1.099995,1.099995,1.099995,8.251491e-08,8.253490497800003e-08,0.02423195759412576
1.1,0.0,1.1,1.1,0.0,1.1,0.0,0.0,1.1,1.099999,7.078162e-06,1.099995,1.099995,1.099995,7.550795e-08,7.552702414240001e-08,0.02526110482408113
1.1,0.0,1.1,1.1,0.0,1.1,0.0,1.1,0.0,1.099999,7.078162e-06,1.099995,1.099995,3.635067e-06,8.253422e-08,8.256003905880004e-08,0.031282853100256795
1.1,0.0,1.1,1.1,0.0,1.1,0.0,1.1,1.1,1.099999,7.078162e-06,1.099995,1.099995,3.635416e-06,7.759892e-08,7.763428984160002e-08,0.04558032714890047
1.1,0.0,1.1,1.1,0.0,1.1,1.1,0.0,0.0,1.099999,7.078162e-06,3.635416e-06,3.635416e-06,1.099995,8.807018e-08,8.809793385720001e-08,0.03151334220051792
1.1,0.0,1.1,1.1,0.0,1.1,1.1,0.0,1.1,1.099999,7.078162e-06,3.635416e-06,3.635416e-06,1.099995,8.106321e-08,8.109005302160002e-08,0.033113691895520624
1.1,0.0,1.1,1.1,0.0,1.1,1.1,1.1,0.0,1.099999,7.078162e-06,3.635067e-06,3.635067e-06,3.635067e-06,7.607082e-08,7.608576816640001e-08,0.01965032899606805
1.1,0.0,1.1,1.1,0.0,1.1,1.1,1.1,1.1,1.099999,7.078162e-06,3.635067e-06,3.635067e-06,3.635416e-06,7.591884e-08,7.595570961400001e-08,0.04856451178655049
1.1,0.0,1.1,1.1,1.1,0.0,0.0,0.0,0.0,1.099999,1.099989,1.099995,1.099995,1.099995,7.997215e-08,7.997993429319997e-08,0.009733755063445702
1.1,0.0,1.1,1.1,1.1,0.0,0.0,0.0,1.1,1.099999,1.099989,1.099995,1.099995,1.099995,7.296519e-08,7.297205345759996e-08,0.009406482186855294
1.1,0.0,1.1,1.1,1.1,0.0,0.0,1.1,0.0,1.099999,1.099989,1.099995,1.099995,3.635067e-06,7.999146e-08,8.000506837399998e-08,0.017012283561232515
1.1,0.0,1.1,1.1,1.1,0.0,0.0,1.1,1.1,1.099999,1.099989,1.099995,1.099995,3.635416e-06,7.505615e-08,7.507931915679999e-08,0.03086909840165022
1.1,0.0,1.1,1.1,1.1,0.0,1.1,0.0,0.0,1.099999,1.099989,1.099995,3.635416e-06,1.099995,9.094343e-08,9.095764495159998e-08,0.015630542635111985
1.1,0.0,1.1,1.1,1.1,0.0,1.1,0.0,1.1,1.099999,1.099989,1.099995,3.635416e-06,1.099995,8.393646e-08,8.394976411599996e-08,0.015850222894735238
1.1,0.0,1.1,1.1,1.1,0.0,1.1,1.1,0.0,1.099999,1.099989,1.099995,3.635067e-06,3.635067e-06,8.465132e-08,8.466171397759999e-08,0.012278577109000408
1.1,0.0,1.1,1.1,1.1,0.0,1.1,1.1,1.1,1.099999,1.099989,1.099995,3.635067e-06,3.635416e-06,8.210761e-08,8.213381009279999e-08,0.03190945735722988
1.1,0.0,1.1,1.1,1.1,1.1,0.0,0.0,0.0,1.099999,1.099989,1.099995,1.099995,1.099995,8.840301e-08,8.84224258236e-08,0.02196285352726957
1.1,0.0,1.1,1.1,1.1,1.1,0.0,0.0,1.1,1.099999,1.099989,1.099995,1.099995,1.099995,8.139604e-08,8.141454498799996e-08,0.022734506494375566
1.1,0.0,1.1,1.1,1.1,1.1,0.0,1.1,0.0,1.099999,1.099989,1.099995,1.099995,3.635067e-06,8.842231e-08,8.84475599044e-08,0.02855603342641214
1.1,0.0,1.1,1.1,1.1,1.1,0.0,1.1,1.1,1.099999,1.099989,1.099995,1.099995,3.635416e-06,8.3487e-08,8.352181068719996e-08,0.04169593733151257
1.1,0.0,1.1,1.1,1.1,1.1,1.1,0.0,0.0,1.099999,1.099999,3.635416e-06,3.635416e-06,1.099995,9.064297e-08,9.066706531839999e-08,0.026582666477047833
1.1,0.0,1.1,1.1,1.1,1.1,1.1,0.0,1.1,1.099999,1.099999,3.635416e-06,3.635416e-06,1.099995,8.363599e-08,8.365918448279998e-08,0.02773265767521928
1.1,0.0,1.1,1.1,1.1,1.1,1.1,1.1,0.0,1.099999,1.099999,3.635067e-06,3.635067e-06,3.635067e-06,7.472354e-08,7.47316799052e-08,0.010893361315582604
1.1,0.0,1.1,1.1,1.1,1.1,1.1,1.1,1.1,1.099999,1.099999,3.635067e-06,3.635067e-06,3.635416e-06,7.457156e-08,7.460162135279999e-08,0.040312087879060494
1.1,1.1,0.0,0.0,0.0,0.0,0.0,0.0,0.0,1.099989,7.078162e-06,1.099995,1.099995,1.099995,6.842788e-08,6.843130562999995e-08,0.00500619045914465
1.1,1.1,0.0,0.0,0.0,0.0,0.0,0.0,1.1,1.099989,7.078162e-06,1.099995,1.099995,1.099995,6.142091e-08,6.142342479439996e-08,0.004094362001412416
1.1,1.1,0.0,0.0,0.0,0.0,0.0,1.1,0.0,1.099989,7.078162e-06,1.099995,1.099995,3.635961e-06,7.204719e-08,7.206394571919997e-08,0.023256589465834466
1.1,1.1,0.0,0.0,0.0,0.0,0.0,1.1,1.1,1.099989,7.078162e-06,1.099995,1.099995,1.099995,6.587143e-08,6.589462349279995e-08,0.035210246384422036
1.1,1.1,0.0,0.0,0.0,0.0,1.1,0.0,0.0,1.099989,7.078162e-06,1.099995,1.099995,1.099995,8.26829e-08,8.269349333959999e-08,0.012812007803304258
1.1,1.1,0.0,0.0,0.0,0.0,1.1,0.0,1.1,1.099989,7.078162e-06,1.099995,1.099995,1.099995,7.567591e-08,7.5685612504e-08,0.012821126300295782
1.1,1.1,0.0,0.0,0.0,0.0,1.1,1.1,0.0,1.099989,7.078162e-06,1.099995,3.635961e-06,3.635961e-06,8.515106e-08,8.517186110560004e-08,0.024428475229829993
1.1,1.1,0.0,0.0,0.0,0.0,1.1,1.1,1.1,1.099989,7.078162e-06,1.099995,1.099995,1.099995,7.952227e-08,7.955198086440001e-08,0.037361690505073625
1.1,1.1,0.0,0.0,0.0,1.1,0.0,0.0,0.0,1.099989,7.078162e-06,3.635961e-06,1.099995,1.099995,7.538814e-08,7.54038111232e-08,0.02078725274292729
1.1,1.1,0.0,0.0,0.0,1.1,0.0,0.0,1.1,1.099989,7.078162e-06,3.635961e-06,1.099995,1.099995,6.838117e-08,6.839593028759998e-08,0.0215853101079905
1.1,1.1,0.0,0.0,0.0,1.1,0.0,1.1,0.0,1.099989,7.078162e-06,3.635961e-06,1.099995,3.635961e-06,7.900745e-08,7.903645121240003e-08,0.03670693383980864
1.1,1.1,0.0,0.0,0.0,1.1,0.0,1.1,1.1,1.099989,7.078162e-06,3.635961e-06,1.099995,1.099995,7.283167e-08,7.286712898599999e-08,0.04868621850906155
1.1,1.1,0.0,0.0,0.0,1.1,1.1,0.0,0.0,1.099989,7.078162e-06,3.635961e-06,1.099995,1.099995,8.783065e-08,8.785150781880004e-08,0.02374776777814678
1.1,1.1,0.0,0.0,0.0,1.1,1.1,0.0,1.1,1.099989,7.078162e-06,3.635961e-06,1.099995,1.099995,8.082368e-08,8.084362698320002e-08,0.02467962755471809
1.1,1.1,0.0,0.0,0.0,1.1,1.1,1.1,0.0,1.099989,7.078162e-06,3.635067e-06,3.635961e-06,3.635961e-06,8.698337e-08,8.701148620040003e-08,0.03232365037136463
1.1,1.1,0.0,0.0,0.0,1.1,1.1,1.1,1.1,1.099989,7.078162e-06,3.635961e-06,1.099995,1.099995,8.467005e-08,8.470999534360004e-08,0.04717765443630266
1.1,1.1,0.0,0.0,1.1,0.0,0.0,0.0,0.0,1.099989,1.099989,1.099995,1.099995,1.099995,7.186354e-08,7.187290803359995e-08,0.013035864361750802
1.1,1.1,0.0,0.0,1.1,0.0,0.0,0.0,1.1,1.099989,1.099989,1.099995,1.099995,1.099995,6.485658e-08,6.486502719799998e-08,0.013024427128271643
1.1,1.1,0.0,0.0,1.1,0.0,0.0,1.1,0.0,1.099989,1.099989,1.099995,1.099995,3.635961e-06,7.548286e-08,7.550554812279995e-08,0.03005731738298936
1.1,1.1,0.0,0.0,1.1,0.0,0.0,1.1,1.1,1.099989,1.099989,1.099995,1.099995,1.099995,6.930709e-08,6.933622589639996e-08,0.04203883960496127
1.1,1.1,0.0,0.0,1.1,0.0,1.1,0.0,0.0,1.099989,1.099989,1.099995,1.099995,1.099995,8.611856e-08,8.613509574319997e-08,0.019201137594462063
1.1,1.1,0.0,0.0,1.1,0.0,1.1,0.0,1.1,1.099989,1.099989,1.099995,1.099995,1.099995,7.911158e-08,7.912721490759997e-08,0.019763108763562437
1.1,1.1,0.0,0.0,1.1,0.0,1.1,1.1,0.0,1.099989,1.099989,1.099995,3.635961e-06,3.635961e-06,8.858673e-08,8.86134635092e-08,0.03017778080306044
1.1,1.1,0.0,0.0,1.1,0.0,1.1,1.1,1.1,1.099989,1.099989,1.099995,1.099995,1.099995,8.295794e-08,8.299358326799999e-08,0.04296546900752785
1.1,1.1,0.0,0.0,1.1,1.1,0.0,0.0,0.0,1.099989,1.099989,3.635961e-06,1.099995,1.099995,7.582778e-08,7.584273785639995e-08,0.019726090358898968
1.1,1.1,0.0,0.0,1.1,1.1,0.0,0.0,1.1,1.099989,1.099989,3.635961e-06,1.099995,1.099995,6.882083e-08,6.883485702079997e-08,0.020381940758305277
1.1,1.1,0.0,0.0,1.1,1.1,0.0,1.1,0.0,1.099989,1.099989,3.635961e-06,1.099995,3.635961e-06,7.944711e-08,7.947537794559998e-08,0.03558083560243036
1.1,1.1,0.0,0.0,1.1,1.1,0.0,1.1,1.1,1.099989,1.099989,3.635961e-06,1.099995,1.099995,7.327134e-08,7.330605571919997e-08,0.047379670141118484
1.1,1.1,0.0,0.0,1.1,1.1,1.1,0.0,0.0,1.099989,1.099989,3.635961e-06,1.099995,1.099995,8.827032e-08,8.829043455200002e-08,0.02278744656189719
1.1,1.1,0.0,0.0,1.1,1.1,1.1,0.0,1.1,1.099989,1.099989,3.635961e-06,1.099995,1.099995,8.126334e-08,8.128255371639999e-08,0.023643769010715684
1.1,1.1,0.0,0.0,1.1,1.1,1.1,1.1,0.0,1.099989,1.099999,3.635067e-06,3.635961e-06,3.635961e-06,8.257939e-08,8.260664915920003e-08,0.0330096398145248
1.1,1.1,0.0,0.0,1.1,1.1,1.1,1.1,1.1,1.099989,1.099999,3.635961e-06,1.099995,1.099995,8.026607e-08,8.030515830240002e-08,0.04869841316513872
1.1,1.1,0.0,1.1,0.0,0.0,0.0,0.0,0.0,1.099999,7.078162e-06,1.099995,1.099995,1.099995,7.131593e-08,7.13234660484e-08,0.010567131915686645
1.1,1.1,0.0,1.1,0.0,0.0,0.0,0.0,1.1,1.099999,7.078162e-06,1.099995,1.099995,1.099995,6.430896e-08,6.431558521279998e-08,0.01030216131621324
1.1,1.1,0.0,1.1,0.0,0.0,0.0,1.1,0.0,1.099999,7.078162e-06,1.099995,1.099995,3.635067e-06,7.133524e-08,7.134860012920002e-08,0.018728652486518175
1.1,1.1,0.0,1.1,0.0,0.0,0.0,1.1,1.1,1.099999,7.078162e-06,1.099995,1.099995,3.635416e-06,6.639992e-08,6.642285091199999e-08,0.03453454763196649
1.1,1.1,0.0,1.1,0.0,0.0,1.1,0.0,0.0,1.099999,7.078162e-06,1.099995,1.099995,1.099995,8.557093e-08,8.558565375800003e-08,0.017206495243211637
1.1,1.1,0.0,1.1,0.0,0.0,1.1,0.0,1.1,1.099999,7.078162e-06,1.099995,1.099995,1.099995,7.856396e-08,7.857777292240002e-08,0.017581754280226573
1.1,1.1,0.0,1.1,0.0,0.0,1.1,1.1,0.0,1.099999,7.078162e-06,1.099995,3.635961e-06,3.635067e-06,8.051906e-08,8.053329579320005e-08,0.01768002905157399
1.1,1.1,0.0,1.1,0.0,0.0,1.1,1.1,1.1,1.099999,7.078162e-06,1.099995,3.635961e-06,3.635416e-06,7.797534e-08,7.800539190840004e-08,0.03854027234769551
1.1,1.1,0.0,1.1,0.0,1.1,0.0,0.0,0.0,1.099999,7.078162e-06,3.635961e-06,1.099995,1.099995,7.827618e-08,7.829597154160006e-08,0.02528424560327127
1.1,1.1,0.0,1.1,0.0,1.1,0.0,0.0,1.1,1.099999,7.078162e-06,3.635961e-06,1.099995,1.099995,7.12692e-08,7.128809070600002e-08,0.02650612887477668
1.1,1.1,0.0,1.1,0.0,1.1,0.0,1.1,0.0,1.099999,7.078162e-06,3.635961e-06,1.099995,3.635067e-06,7.829533e-08,7.832110562240008e-08,0.032921021470972145
1.1,1.1,0.0,1.1,0.0,1.1,0.0,1.1,1.1,1.099999,7.078162e-06,3.635961e-06,1.099995,3.635416e-06,7.336001e-08,7.339535640520003e-08,0.04818211611480483
1.1,1.1,0.0,1.1,0.0,1.1,1.1,0.0,0.0,1.099999,7.078162e-06,3.635961e-06,1.099995,1.099995,9.07187e-08,9.074366823720003e-08,0.02752270171423062
1.1,1.1,0.0,1.1,0.0,1.1,1.1,0.0,1.1,1.099999,7.078162e-06,3.635961e-06,1.099995,1.099995,8.371172e-08,8.373578740160005e-08,0.02875033698990333
1.1,1.1,0.0,1.1,0.0,1.1,1.1,1.1,0.0,1.099999,7.078162e-06,3.635067e-06,3.635961e-06,3.635067e-06,7.84312e-08,7.844970116560003e-08,0.023589038035927996
1.1,1.1,0.0,1.1,0.0,1.1,1.1,1.1,1.1,1.099999,7.078162e-06,3.635961e-06,3.635961e-06,3.635416e-06,7.920296e-08,7.924018666520004e-08,0.04700160852579482
1.1,1.1,0.0,1.1,1.1,0.0,0.0,0.0,0.0,1.099999,1.099989,1.099995,1.099995,1.099995,7.475159e-08,7.476506845199998e-08,0.018030990377573365
1.1,1.1,0.0,1.1,1.1,0.0,0.0,0.0,1.1,1.099999,1.099989,1.099995,1.099995,1.099995,6.774463e-08,6.775718761639998e-08,0.01853669641413653
1.1,1.1,0.0,1.1,1.1,0.0,0.0,1.1,0.0,1.099999,1.099989,1.099995,1.099995,3.635067e-06,7.477092e-08,7.47902025328e-08,0.0257888130840194
1.1,1.1,0.0,1.1,1.1,0.0,0.0,1.1,1.1,1.099999,1.099989,1.099995,1.099995,3.635416e-06,6.98356e-08,6.986445331559997e-08,0.04131605599433363
1.1,1.1,0.0,1.1,1.1,0.0,1.1,0.0,0.0,1.099999,1.099989,1.099995,1.099995,1.099995,8.900659e-08,8.902725616160001e-08,0.023218687065762553
1.1,1.1,0.0,1.1,1.1,0.0,1.1,0.0,1.1,1.099999,1.099989,1.099995,1.099995,1.099995,8.199964e-08,8.201937532599999e-08,0.024067576394229857
1.1,1.1,0.0,1.1,1.1,0.0,1.1,1.1,0.0,1.099999,1.099989,1.099995,3.635961e-06,3.635067e-06,8.395472e-08,8.397489819680002e-08,0.02403461866112134
1.1,1.1,0.0,1.1,1.1,0.0,1.1,1.1,1.1,1.099999,1.099989,1.099995,3.635961e-06,3.635416e-06,8.141101e-08,8.144699431200001e-08,0.04420079298858484
1.1,1.1,0.0,1.1,1.1,1.1,0.0,0.0,0.0,1.099999,1.099989,3.635961e-06,1.099995,1.099995,7.871585e-08,7.873489827480002e-08,0.024198779280188484
1.1,1.1,0.0,1.1,1.1,1.1,0.0,0.0,1.1,1.099999,1.099989,3.635961e-06,1.099995,1.099995,7.170887e-08,7.172701743919999e-08,0.0253071052437277
1.1,1.1,0.0,1.1,1.1,1.1,0.0,1.1,0.0,1.099999,1.099989,3.635961e-06,1.099995,3.635067e-06,7.873498e-08,7.876003235560003e-08,0.031818583811194436
1.1,1.1,0.0,1.1,1.1,1.1,0.0,1.1,1.1,1.099999,1.099989,3.635961e-06,1.099995,3.635416e-06,7.379968e-08,7.38342831384e-08,0.046887924717286
1.1,1.1,0.0,1.1,1.1,1.1,1.1,0.0,0.0,1.099999,1.099989,3.635961e-06,1.099995,1.099995,9.115837e-08,9.118259497040004e-08,0.02657459803202516
1.1,1.1,0.0,1.1,1.1,1.1,1.1,0.0,1.1,1.099999,1.099989,3.635961e-06,1.099995,1.099995,8.415138e-08,8.417471413480003e-08,0.027728760716737966
1.1,1.1,0.0,1.1,1.1,1.1,1.1,1.1,0.0,1.099999,1.099999,3.635067e-06,3.635961e-06,3.635067e-06,7.402722e-08,7.404486412440002e-08,0.023834644067442717
1.1,1.1,0.0,1.1,1.1,1.1,1.1,1.1,1.1,1.099999,1.099999,3.635961e-06,3.635961e-06,3.635416e-06,7.479898e-08,7.483534962400003e-08,0.04862315502167258
1.1,1.1,1.1,0.0,0.0,0.0,0.0,0.0,0.0,1.099999,7.078162e-06,1.099995,1.099995,1.099995,7.284421e-08,7.284884043839999e-08,0.006356632050775439
1.1,1.1,1.1,0.0,0.0,0.0,0.0,0.0,1.1,1.099999,7.078162e-06,1.099995,1.099995,1.099995,6.583726e-08,6.584095960279997e-08,0.005619314655512835
1.1,1.1,1.1,0.0,0.0,0.0,0.0,1.1,0.0,1.099999,7.078162e-06,1.099995,1.099995,3.635961e-06,7.646354e-08,7.648148052760002e-08,0.023462852491548024
1.1,1.1,1.1,0.0,0.0,0.0,0.0,1.1,1.1,1.099999,7.078162e-06,1.099995,1.099995,1.099995,7.028777e-08,7.031215830119997e-08,0.03469778768051897
1.1,1.1,1.1,0.0,0.0,0.0,1.1,0.0,0.0,1.099999,7.078162e-06,1.099995,3.635416e-06,1.099995,8.381551e-08,8.382655109680001e-08,0.013173095051277329
1.1,1.1,1.1,0.0,0.0,0.0,1.1,0.0,1.1,1.099999,7.078162e-06,1.099995,3.635416e-06,1.099995,7.680855e-08,7.681867026120002e-08,0.01317595658297132
1.1,1.1,1.1,0.0,0.0,0.0,1.1,1.1,0.0,1.099999,7.078162e-06,1.099995,3.635067e-06,3.635961e-06,8.504346e-08,8.506134585360004e-08,0.021031427460775576
1.1,1.1,1.1,0.0,0.0,0.0,1.1,1.1,1.1,1.099999,7.078162e-06,1.099995,3.635416e-06,1.099995,8.065491e-08,8.068503862160002e-08,0.037354975165207756
1.1,1.1,1.1,0.0,0.0,1.1,0.0,0.0,0.0,1.099999,7.078162e-06,3.635961e-06,1.099995,1.099995,7.980446e-08,7.982134593160003e-08,0.021159132710161378
1.1,1.1,1.1,0.0,0.0,1.1,0.0,0.0,1.1,1.099999,7.078162e-06,3.635961e-06,1.099995,1.099995,7.279751e-08,7.2813465096e-08,0.021917090296085098
1.1,1.1,1.1,0.0,0.0,1.1,0.0,1.1,0.0,1.099999,7.078162e-06,3.635961e-06,1.099995,3.635961e-06,8.34238e-08,8.345398602080004e-08,0.036183943670798385
1.1,1.1,1.1,0.0,0.0,1.1,0.0,1.1,1.1,1.099999,7.078162e-06,3.635961e-06,1.099995,1.099995,7.724806e-08,7.728466379440003e-08,0.04738474260716962
1.1,1.1,1.1,0.0,0.0,1.1,1.1,0.0,0.0,1.099999,7.078162e-06,3.635067e-06,3.635416e-06,1.099995,8.41195e-08,8.414080180160002e-08,0.0253232622638306
1.1,1.1,1.1,0.0,0.0,1.1,1.1,0.0,1.1,1.099999,7.078162e-06,3.635067e-06,3.635416e-06,1.099995,7.711253e-08,7.7132920966e-08,0.02644312928132857
1.1,1.1,1.1,0.0,0.0,1.1,1.1,1.1,0.0,1.099999,7.078162e-06,3.635067e-06,3.635067e-06,3.635961e-06,8.295571e-08,8.297775122600004e-08,0.02656987204381549
1.1,1.1,1.1,0.0,0.0,1.1,1.1,1.1,1.1,1.099999,7.078162e-06,3.635067e-06,3.635416e-06,1.099995,8.095889e-08,8.099928932640002e-08,0.04990103792185654
1.1,1.1,1.1,0.0,1.1,0.0,0.0,0.0,0.0,1.099999,1.099989,1.099995,1.099995,1.099995,7.720402e-08,7.721098689399999e-08,0.009024004190440109
1.1,1.1,1.1,0.0,1.1,0.0,0.0,0.0,1.1,1.099999,1.099989,1.099995,1.099995,1.099995,7.019706e-08,7.020310605839997e-08,0.00861297951790566
1.1,1.1,1.1,0.0,1.1,0.0,0.0,1.1,0.0,1.099999,1.099989,1.099995,1.099995,3.635961e-06,8.082336e-08,8.084362698319996e-08,0.025075650405972184
1.1,1.1,1.1,0.0,1.1,0.0,0.0,1.1,1.1,1.099999,1.099989,1.099995,1.099995,1.099995,7.464758e-08,7.467430475679997e-08,0.03580123669108303
1.1,1.1,1.1,0.0,1.1,0.0,1.1,0.0,0.0,1.099999,1.099989,1.099995,3.635416e-06,1.099995,8.817533e-08,8.818869755239997e-08,0.015160195487752224
1.1,1.1,1.1,0.0,1.1,0.0,1.1,0.0,1.1,1.099999,1.099989,1.099995,3.635416e-06,1.099995,8.116836e-08,8.118081671679998e-08,0.015346764182468884
1.1,1.1,1.1,0.0,1.1,0.0,1.1,1.1,0.0,1.099999,1.099989,1.099995,3.635067e-06,3.635961e-06,8.940327e-08,8.94234923092e-08,0.02261920531542222
1.1,1.1,1.1,0.0,1.1,0.0,1.1,1.1,1.1,1.099999,1.099989,1.099995,3.635416e-06,1.099995,8.501471e-08,8.504718507719998e-08,0.03819936243971376
1.1,1.1,1.1,0.0,1.1,1.1,0.0,0.0,0.0,1.099999,1.099989,3.635961e-06,1.099995,1.099995,8.116827e-08,8.11808167168e-08,0.015457661965691117
1.1,1.1,1.1,0.0,1.1,1.1,0.0,0.0,1.1,1.099999,1.099989,3.635961e-06,1.099995,1.099995,7.416131e-08,7.417293588119998e-08,0.015676477667375618
1.1,1.1,1.1,0.0,1.1,1.1,0.0,1.1,0.0,1.099999,1.099989,3.635961e-06,1.099995,3.635961e-06,8.478759e-08,8.4813456806e-08,0.030507773602250588
1.1,1.1,1.1,0.0,1.1,1.1,0.0,1.1,1.1,1.099999,1.099989,3.635961e-06,1.099995,1.099995,7.861182e-08,7.864413457959998e-08,0.04110651502533159
1.1,1.1,1.1,0.0,1.1,1.1,1.1,0.0,0.0,1.099999,1.099999,3.635067e-06,3.635416e-06,1.099995,8.216799e-08,8.218188320239999e-08,0.016908290442531365
1.1,1.1,1.1,0.0,1.1,1.1,1.1,0.0,1.1,1.099999,1.099999,3.635067e-06,3.635416e-06,1.099995,7.516103e-08,7.517400236679997e-08,0.01725943191568005
1.1,1.1,1.1,0.0,1.1,1.1,1.1,1.1,0.0,1.099999,1.099999,3.635067e-06,3.635067e-06,3.635961e-06,7.708415e-08,7.709561290440001e-08,0.014870637348933803
1.1,1.1,1.1,0.0,1.1,1.1,1.1,1.1,1.1,1.099999,1.099999,3.635067e-06,3.635416e-06,1.099995,7.508733e-08,7.51171510048e-08,0.03971509547617434
1.1,1.1,1.1,1.1,0.0,0.0,0.0,0.0,0.0,1.099999,7.078162e-06,1.099995,1.099995,1.099995,7.665605e-08,7.666154490880003e-08,0.0071682649967355185
1.1,1.1,1.1,1.1,0.0,0.0,0.0,0.0,1.1,1.099999,7.078162e-06,1.099995,1.099995,1.099995,6.964907e-08,6.965366407319999e-08,0.006596029494694583
1.1,1.1,1.1,1.1,0.0,0.0,0.0,1.1,0.0,1.099999,7.078162e-06,1.099995,1.099995,3.635067e-06,7.667538e-08,7.668667898960005e-08,0.014736137727714765
1.1,1.1,1.1,1.1,0.0,0.0,0.0,1.1,1.1,1.099999,7.078162e-06,1.099995,1.099995,3.635416e-06,7.174004e-08,7.176092977240002e-08,0.029118707488898773
1.1,1.1,1.1,1.1,0.0,0.0,1.1,0.0,0.0,1.099999,7.078162e-06,1.099995,3.635416e-06,1.099995,8.762734e-08,8.763925556720003e-08,0.013598001719591284
1.1,1.1,1.1,1.1,0.0,0.0,1.1,0.0,1.1,1.099999,7.078162e-06,1.099995,3.635416e-06,1.099995,8.062037e-08,8.063137473160002e-08,0.013650063377314735
1.1,1.1,1.1,1.1,0.0,0.0,1.1,1.1,0.0,1.099999,7.078162e-06,1.099995,3.635067e-06,3.635067e-06,8.133523e-08,8.134332459320006e-08,0.00995213660803816
1.1,1.1,1.1,1.1,0.0,0.0,1.1,1.1,1.1,1.099999,7.078162e-06,1.099995,3.635067e-06,3.635416e-06,7.879151e-08,7.881542070840004e-08,0.030346808177728876
1.1,1.1,1.1,1.1,0.0,1.1,0.0,0.0,0.0,1.099999,7.078162e-06,3.635961e-06,1.099995,1.099995,8.36163e-08,8.363405040200004e-08,0.021228399247559503
1.1,1.1,1.1,1.1,0.0,1.1,0.0,0.0,1.1,1.099999,7.078162e-06,3.635961e-06,1.099995,1.099995,7.660932e-08,7.662616956640004e-08,0.02199414692630144
1.1,1.1,1.1,1.1,0.0,1.1,0.0,1.1,0.0,1.099999,7.078162e-06,3.635961e-06,1.099995,3.635067e-06,8.363544e-08,8.365918448280006e-08,0.028390456007712388
1.1,1.1,1.1,1.1,0.0,1.1,0.0,1.1,1.1,1.099999,7.078162e-06,3.635961e-06,1.099995,3.635416e-06,7.870013e-08,7.873343526560006e-08,0.042319200235184526
1.1,1.1,1.1,1.1,0.0,1.1,1.1,0.0,0.0,1.099999,7.078162e-06,3.635067e-06,3.635416e-06,1.099995,8.793133e-08,8.795350627200003e-08,0.025219989280304292
1.1,1.1,1.1,1.1,0.0,1.1,1.1,0.0,1.1,1.099999,7.078162e-06,3.635067e-06,3.635416e-06,1.099995,8.092436e-08,8.094562543640004e-08,0.026278164448919658
1.1,1.1,1.1,1.1,0.0,1.1,1.1,1.1,0.0,1.099999,7.078162e-06,3.635067e-06,3.635067e-06,3.635067e-06,7.532733e-08,7.533651024320004e-08,0.01218713473587216
1.1,1.1,1.1,1.1,0.0,1.1,1.1,1.1,1.1,1.099999,7.078162e-06,3.635067e-06,3.635067e-06,3.635416e-06,7.517534e-08,7.520645169080004e-08,0.04138550061767235
1.1,1.1,1.1,1.1,1.1,0.0,0.0,0.0,0.0,1.099999,1.099989,1.099995,1.099995,1.099995,8.101586e-08,8.10236913644e-08,0.009666458394686744
1.1,1.1,1.1,1.1,1.1,0.0,0.0,0.0,1.1,1.099999,1.099989,1.099995,1.099995,1.099995,7.40089e-08,7.40158105288e-08,0.009337429417265522
1.1,1.1,1.1,1.1,1.1,0.0,0.0,1.1,0.0,1.099999,1.099989,1.099995,1.099995,3.635067e-06,8.103518e-08,8.104882544520001e-08,0.016838915147733138
1.1,1.1,1.1,1.1,1.1,0.0,0.0,1.1,1.1,1.099999,1.099989,1.099995,1.099995,3.635416e-06,7.609986e-08,7.612307622800001e-08,0.03050758306259231
1.1,1.1,1.1,1.1,1.1,0.0,1.1,0.0,0.0,1.099999,1.099989,1.099995,3.635416e-06,1.099995,9.198716e-08,9.200140202280002e-08,0.015482620400517146
1.1,1.1,1.1,1.1,1.1,0.0,1.1,0.0,1.1,1.099999,1.099989,1.099995,3.635416e-06,1.099995,8.498018e-08,8.499352118719998e-08,0.015699175031142536
1.1,1.1,1.1,1.1,1.1,0.0,1.1,1.1,0.0,1.099999,1.099989,1.099995,3.635067e-06,3.635067e-06,8.569504e-08,8.570547104880002e-08,0.012172290018204534
1.1,1.1,1.1,1.1,1.1,0.0,1.1,1.1,1.1,1.099999,1.099989,1.099995,3.635067e-06,3.635416e-06,8.315133e-08,8.3177567164e-08,0.031553510930020096
1.1,1.1,1.1,1.1,1.1,1.1,0.0,0.0,0.0,1.099999,1.099989,3.635961e-06,1.099995,1.099995,8.498012e-08,8.499352118720002e-08,0.015769790864058063
1.1,1.1,1.1,1.1,1.1,1.1,0.0,0.0,1.1,1.099999,1.099989,3.635961e-06,1.099995,1.099995,7.797314e-08,7.79856403516e-08,0.01603161242448675
1.1,1.1,1.1,1.1,1.1,1.1,0.0,1.1,0.0,1.099999,1.099989,3.635961e-06,1.099995,3.635067e-06,8.499927e-08,8.501865526800004e-08,0.02280639351377414
1.1,1.1,1.1,1.1,1.1,1.1,0.0,1.1,1.1,1.099999,1.099989,3.635961e-06,1.099995,3.635416e-06,8.006393e-08,8.009290605080002e-08,0.03619114225347034
1.1,1.1,1.1,1.1,1.1,1.1,1.1,0.0,0.0,1.099999,1.099999,3.635067e-06,3.635416e-06,1.099995,8.597983e-08,8.599458767280004e-08,0.017164110233806318
1.1,1.1,1.1,1.1,1.1,1.1,1.1,0.0,1.1,1.099999,1.099999,3.635067e-06,3.635416e-06,1.099995,7.897286e-08,7.89867068372e-08,0.017533665616271638
1.1,1.1,1.1,1.1,1.1,1.1,1.1,1.1,0.0,1.099999,1.099999,3.635067e-06,3.635067e-06,3.635067e-06,6.945577e-08,6.945437192160001e-08,0.002012904615386465
1.1,1.1,1.1,1.1,1.1,1.1,1.1,1.1,1.1,1.099999,1.099999,3.635067e-06,3.635067e-06,3.635416e-06,6.930379e-08,6.932431336920001e-08,0.029613631808607044
